"paxnamerus","last_name","paxbirthdate"
"АВДЕЕВ ОДИССЕЙ СТЕПАНОВИЧ","AVDEEV",NULL
"АВДЕЕВ СЕМЕН МАКАРЕВИЧ","AVDEEV",NULL
"АГАПОВ ИВАН ОДИССЕИЧ","AGAPOV",NULL
"АГАПОВ ИЛЬДАР ДЕНИСОВИЧ","AGAPOV",NULL
"АГАПОВ РОБЕРТ НИКИТИЧ","AGAPOV",NULL
"АГАПОВ РОДИОН ВАСИЛЬЕВИЧ","AGAPOV",NULL
"АГАПОВА АНТОНИНА ЗАХАРОВНА","AGAPOVA",NULL
"АГАФОНОВА ВАРВАРА ЯРОСЛАВОВНА","AGAFONOVA",NULL
"АГАФОНОВА ВЛАДА СТАНИСЛАВОВНА","AGAFONOVA",NULL
"АГАФОНОВА МИЛЕНА РОДИОНОВНА","AGAFONOVA",NULL
"АГЕЕВ САМИР ТИМУРОВИЧ","AGEEV",NULL
"АГЕЕВ СТЕПАН ВИТАЛЬЕВИЧ","AGEEV",NULL
"АГЕЕВ ТИМУР ПЛАТОНОВИЧ","AGEEV",NULL
"АКИМОВ АДЕЛЬ СТАНИСЛАВОВИЧ","AKIMOV",NULL
"АКИМОВА АНАСТАСИЯ РАДМИРОВНА","AKIMOVA",NULL
"АКИМОВА ЗЛАТА ТАМЕРЛАНОВНА","AKIMOVA",NULL
"АКСЕНОВ ГЕРМАН ИЛЬИЧ","AKSENOV",NULL
"АКСЕНОВА ВАЛЕНТИНА ТАМЕРЛАНОВНА","AKSENOVA",NULL
"АКСЕНОВА ЕВА КИРИЛЛОВНА","AKSENOVA",NULL
"АЛЕКСАНДРОВ ВАДИМ РОДИОНОВИЧ","ALEKSANDROV",NULL
"АЛЕКСАНДРОВ ВАДИМ РОДИОНОВИЧ","ALEXANDROV",NULL
"АЛЕКСЕЕВ ДАМИР ДМИТРИЕВИЧ","ALEKSEEV",NULL
"АЛЕКСЕЕВА АГАТА АЛЕКСАНДРОВНА","ALEXEEVA",NULL
"АЛЕКСЕЕВА АМЕЛИЯ ТИМУРОВНА","ALEKSEEVA",NULL
"АЛЕКСЕЕВА НИНА БОГДАНОВНА","ALEKSEEVA",NULL
"АЛЕКСЕЕВА НИНА БОГДАНОВНА","ALEXEEVA",NULL
"АЛЕХИН ДАНИЛ НАЗАРОВИЧ","ALEKHIN",NULL
"АЛЕХИНА МИЛЕНА ЭДУАРДОВНА","ALEKHINA",NULL
"АЛЕХИНА ОЛЬГА ВЯЧЕСЛАВОВНА","ALEKHINA",NULL
"АЛЕШИН ВЯЧЕСЛАВ ВЛАДЬЕВИЧ","ALESHIN",NULL
"АЛЕШИН ГЕОРГИЙ ТИХОНОВИЧ","ALESHIN",NULL
"АЛЕШИН ЕЛИСЕЙ МАКАРЕВИЧ","ALESHIN",NULL
"АЛЕШИНА СВЕТЛАНА АРТУРОВНА","ALESHINA",NULL
"АНАНЬЕВ МИХАИЛ СВЯТОСЛАВОВИЧ","ANAN'EV",NULL
"АНАНЬЕВ МИХАИЛ СВЯТОСЛАВОВИЧ","ANANEV",NULL
"АНАНЬЕВ СВЯТОГОР АРТУРОВИЧ","ANAN'EV",NULL
"АНАНЬЕВА ВЕРОНИКА РОДИОНОВНА","ANAN'EVA",NULL
"АНДРЕЕВ СТАНИСЛАВ ИЛЬДАРОВИЧ","ANDREEV",NULL
"АНДРЕЕВА ЛЮБОВЬ РОСТИСЛАВОВНА","ANDREEVA",NULL
"АНДРЕЕВА МАРИНА АРТУРОВНА","ANDREEVA",NULL
"АНИКИН АМИР КОНСТАНТИНОВИЧ","ANIKIN",NULL
"АНИКИН АНТОН ДАНИЛОВИЧ","ANIKIN",NULL
"АНИКИН МАТВЕЙ СЕМЕНОВИЧ","ANIKIN",NULL
"АНИКИН РОДИОН САМИРОВИЧ","ANIKIN",NULL
"АНИКИНА МАРИЯ МАРКОВНА","ANIKINA",NULL
"АНИСИМОВ КОНСТАНТИН АМИРОВИЧ","ANISIMOV",NULL
"АНИСИМОВ ЛЕВ СТЕПАНОВИЧ","ANISIMOV",NULL
"АНИСИМОВ МАКАР РИНАТОВИЧ","ANISIMOV",NULL
"АНИСИМОВА ЕЛИЗАВЕТА МАРАТОВНА","ANISIMOVA",NULL
"АНИСИМОВА ЛИЛИЯ ДАНИИЛОВНА","ANISIMOVA",NULL
"АНИСИМОВА ЯНА МАКАРЬЕВНА","ANISIMOVA",NULL
"АНОХИНА НАТАША РУСТАМОВНА","ANOKHINA",NULL
"АНТОНОВ АРСЕНИЙ ГЛЕБОВИЧ","ANTONOV",NULL
"АНТОНОВА ЛИДИЯ МАКСИМОВНА","ANTONOVA",NULL
"АНТОНОВА ЛИДИЯ ЯРОМИРОВНА","ANTONOVA",NULL
"АРТАМОНОВА МАРИНА АРСЕНЬЕВНА","ARTAMONOVA",NULL
"АРХИПОВ АДЕЛЬ МАРАТОВИЧ","ARKHIPOV",NULL
"АРХИПОВ ДАНИЛ РОДИОНОВИЧ","ARKHIPOV",NULL
"АРХИПОВА АГАТА АРСЕНЬЕВНА","ARKHIPOVA",NULL
"АРХИПОВА ВЕРОНИКА ВИТАЛЬЕВНА","ARKHIPOVA",NULL
"АСТАФЬЕВ ГЕОРГИЙ СЕРГЕЕВИЧ","ASTAF'EV",NULL
"АСТАФЬЕВА ВИТАЛИНА МИРОСЛАВОВНА","ASTAFEVA",NULL
"АСТАФЬЕВА СОФЬЯ ТИХОНОВНА","ASTAF'EVA",NULL
"АСТАФЬЕВА СОФЬЯ ТИХОНОВНА","ASTAFEVA",NULL
"АСТАФЬЕВА ЯНА АРТЁМОВНА","ASTAFEVA",NULL
"АСТАХОВ АРТЕМИЙ ВАЛЕРЬЕВИЧ","ASTAKHOV",NULL
"АСТАХОВ ДЕМИД НИКОЛАЕВИЧ","ASTAKHOV",NULL
"АСТАХОВА ДАРИНА СВЯТОГОРОВНА","ASTAKHOVA",NULL
"АФАНАСЬЕВ ЮРИЙ ДЕНИСОВИЧ","AFANAS'EV",NULL
"АФАНАСЬЕВ ЮРИЙ ДЕНИСОВИЧ","AFANASEV",NULL
"АФАНАСЬЕВА ГАЛИНА ДАНИЭЛЬЕВНА","AFANAS'EVA",NULL
"БАБУШКИН ФИЛИПП АДЕЛЬЕВИЧ","BABUSHKIN",NULL
"БАБУШКИНА ВЕРОНИКА ИЛЬДАРОВНА","BABUSHKINA",NULL
"БАБУШКИНА ВИКТОРИЯ ЯРОМИРОВНА","BABUSHKINA",NULL
"БАЖЕНОВА ВИТАЛИНА СВЯТОСЛАВОВНА","BAZHENOVA",NULL
"БАЖЕНОВА МАРЬЯНА РОСТИСЛАВОВНА","BAZHENOVA",NULL
"БАЛАШОВ ДАМИР МАРКОВИЧ","BALASHOV",NULL
"БАРАНОВ ДАНИЭЛЬ АДЕЛЬЕВИЧ","BARANOV",NULL
"БАРАНОВА КРИСТИНА МИРОНОВНА","BARANOVA",NULL
"БАРСУКОВ ИГОРЬ ЕЛИСЕЕВИЧ","BARSUKOV",NULL
"БАРСУКОВ НАЗАР ПЕТРОВИЧ","BARSUKOV",NULL
"БАРСУКОВ СЕРГЕЙ ИГНАТОВИЧ","BARSUKOV",NULL
"БАРСУКОВА МАДИНА ФИЛИППОВНА","BARSUKOVA",NULL
"БАСОВ АРТЕМИЙ РОДИОНОВИЧ","BASOV",NULL
"БАСОВ РУСЛАН СЕРГЕЕВИЧ","BASOV",NULL
"БАСОВА ВАСИЛИСА СВЯТОСЛАВОВНА","BASOVA",NULL
"БАСОВА ЭЛЬВИРА РАДМИРОВНА","BASOVA",NULL
"БЕЛИКОВ АЙДАР ТАМЕРЛАНОВИЧ","BELIKOV",NULL
"БЕЛИКОВ ДАНИЛ ЯРОМИРОВИЧ","BELIKOV",NULL
"БЕЛИКОВА АЛЬБИНА СТЕПАНОВНА","BELIKOVA",NULL
"БЕЛИКОВА ОКСАНА МАТВЕЕВНА","BELIKOVA",NULL
"БЕЛКИН ВИКТОР ТИМОФЕЕВИЧ","BELKIN",NULL
"БЕЛКИНА ВЛАДИСЛАВА АРТУРОВНА","BELKINA",NULL
"БЕЛОВ ВАЛЕРИЙ АРСЕНЬЕВИЧ","BELOV",NULL
"БЕЛОВА АМИНА КИРИЛЛОВНА","BELOVA",NULL
"БЕЛОВА ТАМАРА ЛЬВОВНА","BELOVA",NULL
"БЕЛЯЕВ ВЛАДИМИР АРСЕНЬЕВИЧ","BELIAEV",NULL
"БЕЛЯЕВ ВЛАДИМИР АРСЕНЬЕВИЧ","BELYAEV",NULL
"БЕЛЯЕВА АНЖЕЛИКА ДЕНИСОВНА","BELIAEVA",NULL
"БЕЛЯЕВА АНЖЕЛИКА ДЕНИСОВНА","BELYAEVA",NULL
"БЕЛЯЕВА ВАСИЛИНА ДАНИЛОВНА","BELIAEVA",NULL
"БЕЛЯЕВА МЕЛАНИЯ МАКСИМОВНА","BELYAEVA",NULL
"БЕЛЯКОВ АРСЕНИЙ ЭМИЛЬЕВИЧ","BELIAKOV",NULL
"БЕЛЯКОВ АРСЕНИЙ ЭМИЛЬЕВИЧ","BELYAKOV",NULL
"БЕЛЯКОВА КАРИНА ВСЕВОЛОДОВНА","BELIAKOVA",NULL
"БЕРЕЗИН ВИТАЛИЙ ВАЛЕРЬЕВИЧ","BEREZIN",NULL
"БЕРЕЗИН ФЕДОР ПАВЛОВИЧ","BEREZIN",NULL
"БЕРЕЗИНА МАРГАРИТА ГОРДЕЕВНА","BEREZINA",NULL
"БЕСПАЛОВ ВЛАДИСЛАВ МАРКОВИЧ","BESPALOV",NULL
"БЕССОНОВ ВАСИЛИЙ ДАНИИЛОВИЧ","BESSONOV",NULL
"БЕССОНОВ ОЛЕГ ПЕТРОВИЧ","BESSONOV",NULL
"БЕССОНОВА АЛИСА РАДМИРОВНА","BESSONOVA",NULL
"БЕССОНОВА МАЙЯ ДАНИЛОВНА","BESSONOVA",NULL
"БЕССОНОВА СТЕФАНИЯ ИГОРЕВНА","BESSONOVA",NULL
"БИРЮКОВ ТИМОФЕЙ ДАНИЛОВИЧ","BIRYUKOV",NULL
"БЛИНОВА АДЕЛИНА ЕГОРОВНА","BLINOVA",NULL
"БЛИНОВА КРИСТИНА ВЛАДИМИРОВНА","BLINOVA",NULL
"БЛИНОВА ТАТЬЯНА ВАСИЛЬЕВНА","BLINOVA",NULL
"БЛИНОВА ЮЛИАНА ТАМЕРЛАНОВНА","BLINOVA",NULL
"БЛОХИН САВЕЛИЙ ТИМУРОВИЧ","BLOKHIN",NULL
"БЛОХИНА АЛЛА АНАТОЛЬЕВНА","BLOKHINA",NULL
"БЛОХИНА АМАЛИЯ САМИРОВНА","BLOKHINA",NULL
"БЛОХИНА СТЕФАНИЯ КОНСТАНТИНОВНА","BLOKHINA",NULL
"БОБРОВ ОЛЕГ ФЕДОРОВИЧ","BOBROV",NULL
"БОБРОВА ЕЛЕНА ДАНИЛОВНА","BOBROVA",NULL
"БОГДАНОВ САВВА АДЕЛЬЕВИЧ","BOGDANOV",NULL
"БОГДАНОВА ВЛАДА ДАНИИЛОВНА",NULL,NULL
"БОГДАНОВА МИРОСЛАВА НИКОЛАЕВНА","BOGDANOVA",NULL
"БОГДАНОВА ЮЛИАНА ДАВИДОВНА","BOGDANOVA",NULL
"БОГОМОЛОВ АРТЕМИЙ ИЛЬИЧ","BOGOMOLOV",NULL
"БОГОМОЛОВ АРТУР ИВАНОВИЧ","BOGOMOLOV",NULL
"БОГОМОЛОВ СЕМЕН МИХАЙЛОВИЧ","BOGOMOLOV",NULL
"БОГОМОЛОВА СВЕТЛАНА РОДИОНОВНА","BOGOMOLOVA",NULL
"БОЛЬШАКОВ ОЛЕГ АРТУРОВИЧ","BOL'SHAKOV",NULL
"БОЛЬШАКОВ ОЛЕГ АРТУРОВИЧ","BOLSHAKOV",NULL
"БОЛЬШАКОВА АЛЁНА ЯРОМИРОВНА","BOL'SHAKOVA",NULL
"БОЛЬШАКОВА АРИНА ТИМУРОВНА","BOLSHAKOVA",NULL
"БОЛЬШАКОВА ИРИНА САВВОВНА","BOL'SHAKOVA",NULL
"БОНДАРЕВ АНДРЕЙ ЛЕОНИДОВИЧ","BONDAREV",NULL
"БОРИСОВ ВАЛЕРИЙ АРТУРОВИЧ","BORISOV",NULL
"БОРИСОВ ГЕОРГИЙ ВЛАДИСЛАВОВИЧ","BORISOV",NULL
"БОРИСОВА ВЛАДА ВЛАДИМИРОВНА","BORISOVA",NULL
"БОРОДИН ЕВГЕНИЙ ЯРОМИРОВИЧ","BORODIN",NULL
"БОРОДИН ЯРОСЛАВ РОМАНОВИЧ","BORODIN",NULL
"БОРОДИНА ЗАРИНА СТАНИСЛАВОВНА","BORODINA",NULL
"БОЧАРОВ ЕВГЕНИЙ ИЛЬДАРОВИЧ","BOCHAROV",NULL
"БОЧАРОВ ЕЛИСЕЙ ТИХОНОВИЧ","BOCHAROV",NULL
"БОЧАРОВ ИЛЬДАР ЯНОВИЧ","BOCHAROV",NULL
"БОЧАРОВ КОНСТАНТИН ВЛАДИСЛАВОВИЧ","BOCHAROV",NULL
"БОЧАРОВ МИРОН ГОРДЕЕВИЧ","BOCHAROV",NULL
"БОЧАРОВА АРИАНА ОЛЕГОВНА","BOCHAROVA",NULL
"БОЧАРОВА ЮЛИАНА МАРСЕЛЕВНА","BOCHAROVA",NULL
"БУЛАТОВ ЭМИЛЬ ВЯЧЕСЛАВОВИЧ","BULATOV",NULL
"БУЛАТОВА ВАЛЕРИЯ ПАВЛОВНА","BULATOVA",NULL
"БУЛАТОВА МАРИНА МАКАРЬЕВНА","BULATOVA",NULL
"БУЛГАКОВ ОДИССЕЙ ИГНАТОВИЧ","BULGAKOV",NULL
"БУЛГАКОВ РУСТАМ БОГДАНОВИЧ","BULGAKOV",NULL
"БУЛГАКОВА ТАИСИЯ ИГОРЕВНА","BULGAKOVA",NULL
"БУРОВ ГОРДЕЙ ГЕРМАНОВИЧ","BUROV",NULL
"БУРОВ САМИР ДАМИРОВИЧ","BUROV",NULL
"БУРОВА РЕГИНА МАРСЕЛЕВНА","BUROVA",NULL
"БУРОВА СТЕФАНИЯ ПЛАТОНОВНА","BUROVA",NULL
"БЫКОВ ТИМУР АЛЕКСАНДРОВИЧ","BYKOV",NULL
"БЫЧКОВ АЛЕКСЕЙ ИГНАТОВИЧ","BYCHKOV",NULL
"БЫЧКОВ ИЛЬДАР НИКОЛАЕВИЧ","BYCHKOV",NULL
"БЫЧКОВА МИЛЕНА ЭДУАРДОВНА","BYCHKOVA",NULL
"ВАВИЛОВА ЕКАТЕРИНА МАКСИМОВНА","VAVILOVA",NULL
"ВАВИЛОВА МИРОСЛАВА ВИТАЛЬЕВНА","VAVILOVA",NULL
"ВАВИЛОВА ОЛЬГА АРТЕМЬЕВНА","VAVILOVA",NULL
"ВАСИЛЬЕВ АНТОН ДЕНИСОВИЧ","VASIL'EV",NULL
"ВАСИЛЬЕВ АНТОН ДЕНИСОВИЧ","VASILEV",NULL
"ВАСИЛЬЕВА ЗЛАТА АНТОНОВНА","VASIL'EVA",NULL
"ВДОВИН ДАНИЛ РУСЛАНОВИЧ","VDOVIN",NULL
"ВДОВИНА ЯНА МАКАРЬЕВНА","VDOVINA",NULL
"ВЕРЕЩАГИН ОЛЕГ РАДМИРОВИЧ","VERESHCHAGIN",NULL
"ВЕРЕЩАГИН РИНАТ РОСТИСЛАВОВИЧ","VERESHCHAGIN",NULL
"ВЕРЕЩАГИН СВЯТОГОР ТИМОФЕЕВИЧ","VERESHCHAGIN",NULL
"ВЕРЕЩАГИНА МИРОСЛАВА ДМИТРИЕВНА","VERESHCHAGINA",NULL
"ВЕШНЯКОВ АНТОН ТИХОНОВИЧ","VESHNIAKOV",NULL
"ВЕШНЯКОВ ЕЛИСЕЙ МАТВЕИЧ","VESHNIAKOV",NULL
"ВЕШНЯКОВ ЕЛИСЕЙ МАТВЕИЧ","VESHNYAKOV",NULL
"ВЕШНЯКОВ ЯН ПЛАТОНОВИЧ","VESHNIAKOV",NULL
"ВЕШНЯКОВА ТАТЬЯНА ВАДИМОВНА","VESHNYAKOVA",NULL
"ВИНОГРАДОВ БОГДАН РОСТИСЛАВОВИЧ","VINOGRADOV",NULL
"ВИНОКУРОВА ЛЮДМИЛА ЕВГЕНЬЕВНА","VINOKUROVA",NULL
"ВИНОКУРОВА ОЛЕСЯ ВЯЧЕСЛАВОВНА","VINOKUROVA",NULL
"ВИШНЕВСКИЙ ВЛАДИМИР ЕГОРОВИЧ","VISHNEVSKII",NULL
"ВИШНЕВСКИЙ ВЛАДИМИР ЕГОРОВИЧ","VISHNEVSKIY",NULL
"ВИШНЕВСКИЙ РАДМИР ЛЬВОВИЧ","VISHNEVSKII",NULL
"ВЛАДИМИРОВ АНДРЕЙ БОРИСОВИЧ","VLADIMIROV",NULL
"ВЛАДИМИРОВ СВЯТОСЛАВ ГЕРМАНОВИЧ","VLADIMIROV",NULL
"ВЛАДИМИРОВА МИЛАНА ДАНИЛОВНА","VLADIMIROVA",NULL
"ВЛАСОВ ДЕМИД СТЕПАНОВИЧ","VLASOV",NULL
"ВЛАСОВ ДМИТРИЙ МИРОНОВИЧ","VLASOV",NULL
"ВЛАСОВА ЕЛИЗАВЕТА ВАЛЕРЬЕВНА","VLASOVA",NULL
"ВОЛКОВ СТАНИСЛАВ ДАНИИЛОВИЧ","VOLKOV",NULL
"ВОЛКОВА РЕГИНА МАРАТОВНА","VOLKOVA",NULL
"ВОЛОШИНА ВИТАЛИНА ЕВГЕНЬЕВНА","VOLOSHINA",NULL
"ВОЛОШИНА ОКСАНА ДАНИЭЛЬЕВНА","VOLOSHINA",NULL
"ВОЛОШИНА СОФЬЯ ТИМОФЕЕВНА","VOLOSHINA",NULL
"ВОРОБЬЕВ АРТЕМИЙ РОДИОНОВИЧ","VOROB'EV",NULL
"ВОРОБЬЕВ АРТЕМИЙ РОДИОНОВИЧ","VOROBEV",NULL
"ВОРОБЬЕВА НАТАЛЬЯ ИГНАТОВНА","VOROBEVA",NULL
"ВОРОБЬЕВА ОЛЕСЯ ЯРОМИРОВНА","VOROBEVA",NULL
"ВОРОНИН АДЕЛЬ ВЯЧЕСЛАВОВИЧ","VORONIN",NULL
"ВОРОНИНА ЕВГЕНИЯ МАРСЕЛЕВНА","VORONINA",NULL
"ВОРОНКОВ СТЕПАН ВЛАДЬЕВИЧ","VORONKOV",NULL
"ВОРОНКОВ ЯРОМИР ВИКТОРОВИЧ","VORONKOV",NULL
"ВОРОНКОВА АНТОНИНА ЛЕОНИДОВНА","VORONKOVA",NULL
"ВОРОНКОВА МАЙЯ ДАМИРОВНА","VORONKOVA",NULL
"ВОРОНОВА АЛЬБИНА ВСЕВОЛОДОВНА","VORONOVA",NULL
"ВОРОНОВА ВАЛЕНТИНА РУСЛАНОВНА","VORONOVA",NULL
"ВОРОНОВА ЕЛЕНА ДАВИДОВНА","VORONOVA",NULL
"ВОРОНОВА ЗАРИНА АРТЕМЬЕВНА","VORONOVA",NULL
"ВОРОНОВА САМИРА КОНСТАНТИНОВНА","VORONOVA",NULL
"ВЫСОЦКАЯ ЗЛАТА РОСТИСЛАВОВНА","VYSOTCKAIA",NULL
"ВЫСОЦКИЙ АРТЕМИЙ ИГНАТОВИЧ","VYSOTSKIY",NULL
"ГАВРИЛОВ РУСЛАН ИЛЬДАРОВИЧ","GAVRILOV",NULL
"ГАВРИЛОВА НЕЛЛИ АЛЕКСАНДРОВНА","GAVRILOVA",NULL
"ГАЛКИН НИКИТА ДАНИЭЛЬЕВИЧ","GALKIN",NULL
"ГЕРАСИМОВ АРСЕН БОГДАНОВИЧ","GERASIMOV",NULL
"ГЕРАСИМОВ ДЕМИД РОДИОНОВИЧ","GERASIMOV",NULL
"ГЕРАСИМОВА ЯНА АЙДАРОВНА","GERASIMOVA",NULL
"ГЛАДКОВА АНАСТАСИЯ АНДРЕЕВНА","GLADKOVA",NULL
"ГЛАДКОВА САБИНА РОМАНОВНА","GLADKOVA",NULL
"ГЛЕБОВА ЗАРИНА ЛЬВОВНА","GLEBOVA",NULL
"ГЛУХОВ СТАНИСЛАВ ДАНИЛОВИЧ","GLUKHOV",NULL
"ГЛУХОВА САБИНА ДАНИЛОВНА","GLUKHOVA",NULL
"ГЛУШКОВ ТАМЕРЛАН СЕМЕНОВИЧ","GLUSHKOV",NULL
"ГЛУШКОВА ТАТЬЯНА ВЛАДИМИРОВНА","GLUSHKOVA",NULL
"ГОЛОВАНОВ ДАНИЭЛЬ САВЕЛЬЕВИЧ","GOLOVANOV",NULL
"ГОЛОВАНОВА АЛЁНА САМИРОВНА","GOLOVANOVA",NULL
"ГОЛОВАНОВА ЕЛЕНА РИНАТОВНА","GOLOVANOVA",NULL
"ГОЛОВАНОВА МАРГАРИТА АНТОНОВНА","GOLOVANOVA",NULL
"ГОЛОВИН ДМИТРИЙ ЕВГЕНЬЕВИЧ","GOLOVIN",NULL
"ГОЛОВИНА МЕЛАНИЯ ВАЛЕРЬЕВНА","GOLOVINA",NULL
"ГОЛОВИНА ОЛЕСЯ ПАВЛОВНА","GOLOVINA",NULL
"ГОЛУБЕВ АЛЕКСЕЙ ВИТАЛЬЕВИЧ","GOLUBEV",NULL
"ГОЛУБЕВ СВЯТОСЛАВ АНТОНОВИЧ","GOLUBEV",NULL
"ГОЛУБЕВА АЛЬБИНА РОМАНОВНА","GOLUBEVA",NULL
"ГОЛУБЕВА АМАЛИЯ ГРИГОРЬЕВНА","GOLUBEVA",NULL
"ГОЛУБЕВА КАМИЛЛА ДЕНИСОВНА","GOLUBEVA",NULL
"ГОЛУБЕВА КРИСТИНА АДЕЛЬЕВНА","GOLUBEVA",NULL
"ГОНЧАРОВ ИЛЬДАР ГЛЕБОВИЧ","GONCHAROV",NULL
"ГОНЧАРОВ СЕМЕН АМИРОВИЧ","GONCHAROV",NULL
"ГОНЧАРОВА ВИКТОРИЯ АНТОНОВНА","GONCHAROVA",NULL
"ГОРБАЧЕВА ВАСИЛИНА АЛЕКСАНДРОВНА","GORBACHEVA",NULL
"ГОРБАЧЕВА ВЕРОНИКА РУСЛАНОВНА","GORBACHEVA",NULL
"ГОРБУНОВА ЕСЕНИЯ ГЛЕБОВНА","GORBUNOVA",NULL
"ГОРДЕЕВА АМАЛИЯ БОРИСОВНА","GORDEEVA",NULL
"ГОРДЕЕВА ВЕРА ВЛАДИМИРОВНА","GORDEEVA",NULL
"ГОРЕЛОВА АННА АРТУРОВНА","GORELOVA",NULL
"ГОРЕЛОВА ТАИСИЯ МИХАЙЛОВНА","GORELOVA",NULL
"ГОРЛОВ РОСТИСЛАВ МИХАЙЛОВИЧ","GORLOV",NULL
"ГОРЛОВ СТАНИСЛАВ ВЯЧЕСЛАВОВИЧ","GORLOV",NULL
"ГОРЛОВА САМИРА СТЕПАНОВНА","GORLOVA",NULL
"ГОРЛОВА ЭМИЛИЯ ИГНАТОВНА","GORLOVA",NULL
"ГОРОХОВ АРТЕМИЙ НИКИТИЧ","GOROKHOV",NULL
"ГОРОХОВА АЛЬБИНА МАРКОВНА","GOROKHOVA",NULL
"ГОРОХОВА НАТАЛИЯ ТИХОНОВНА","GOROKHOVA",NULL
"ГОРОХОВА ТАИСИЯ АРТЕМЬЕВНА","GOROKHOVA",NULL
"ГОРОХОВА ЭЛЬВИРА ДАНИЛОВНА","GOROKHOVA",NULL
"ГОРШКОВА ЭВЕЛИНА ЕЛИСЕЕВНА","GORSHKOVA",NULL
"ГОРЮНОВ ИВАН ЕЛИСЕЕВИЧ","GORIUNOV",NULL
"ГОРЮНОВ ТИХОН ДАНИЭЛЬЕВИЧ","GORIUNOV",NULL
"ГОРЮНОВ ТИХОН ДАНИЭЛЬЕВИЧ","GORYUNOV",NULL
"ГОРЮНОВА ЛАРИСА РОДИОНОВНА","GORIUNOVA",NULL
"ГОРЮНОВА ЛАРИСА РОДИОНОВНА","GORYUNOVA",NULL
"ГОРЮНОВА ЛИДИЯ ДАМИРОВНА","GORIUNOVA",NULL
"ГОРЮНОВА ОЛЬГА МАРАТОВНА","GORYUNOVA",NULL
"ГОРЯЧЕВ АРТЁМ ВЛАДИМИРОВИЧ","GORYACHEV",NULL
"ГОРЯЧЕВ РАМИЛЬ ТИХОНОВИЧ","GORYACHEV",NULL
"ГОРЯЧЕВА АМИНА ВСЕВОЛОДОВНА","GORIACHEVA",NULL
"ГОРЯЧЕВА НИНА МАРАТОВНА","GORIACHEVA",NULL
"ГРАЧЕВ ДАНИЛА АНТОНОВИЧ","GRACHEV",NULL
"ГРАЧЕВА КАРОЛИНА ГЛЕБОВНА","GRACHEVA",NULL
"ГРАЧЕВА РЕГИНА ДМИТРИЕВНА","GRACHEVA",NULL
"ГРЕКОВ СТАНИСЛАВ РАДМИРОВИЧ","GREKOV",NULL
"ГРИБОВ ДАМИР АЛЬБЕРТОВИЧ","GRIBOV",NULL
"ГРИБОВ ОДИССЕЙ ОДИССЕИЧ","GRIBOV",NULL
"ГРИБОВ РОБЕРТ ВСЕВОЛОДОВИЧ","GRIBOV",NULL
"ГРИБОВА ЛИДИЯ ТАМЕРЛАНОВНА","GRIBOVA",NULL
"ГРИГОРЬЕВ ВИТАЛИЙ ДАНИИЛОВИЧ","GRIGOR'EV",NULL
"ГРИШИН ГЛЕБ ВСЕВОЛОДОВИЧ","GRISHIN",NULL
"ГРИШИН ГЛЕБ ТАМЕРЛАНОВИЧ","GRISHIN",NULL
"ГРИШИН МАРК НИКИТИЧ","GRISHIN",NULL
"ГРИШИНА АДЕЛИНА ГЕОРГИЕВНА","GRISHINA",NULL
"ГРИШИНА НАТАША НИКИТИЧНА","GRISHINA",NULL
"ГРОМОВ ВАЛЕРИЙ ПЕТРОВИЧ","GROMOV",NULL
"ГРОМОВ ВИКТОР ДАНИЛОВИЧ","GROMOV",NULL
"ГРОМОВА МАЙЯ РОСТИСЛАВОВНА","GROMOVA",NULL
"ГРОМОВА СВЕТЛАНА РУСЛАНОВНА","GROMOVA",NULL
"ГРОМОВА ЭВЕЛИНА НИКИТИЧНА","GROMOVA",NULL
"ГУБАНОВ ПАВЕЛ ВЛАДИСЛАВОВИЧ","GUBANOV",NULL
"ГУБАНОВА НАТАЛЬЯ СТЕПАНОВНА","GUBANOVA",NULL
"ГУЛЯЕВ РАДМИР ПАВЛОВИЧ","GULIAEV",NULL
"ГУЛЯЕВ РАДМИР ПАВЛОВИЧ","GULYAEV",NULL
"ГУЛЯЕВА АДЕЛИНА ОДИССЕЕВНА","GULYAEVA",NULL
"ГУЛЯЕВА АРИАНА АЛЬБЕРТОВНА","GULYAEVA",NULL
"ГУРОВА ЕЛИЗАВЕТА СВЯТОСЛАВОВНА","GUROVA",NULL
"ГУРОВА ЛИАНА ЛЬВОВНА","GUROVA",NULL
"ГУСЕВ ПЛАТОН МАРАТОВИЧ","GUSEV",NULL
"ГУСЕВ РУСТАМ КИРИЛЛОВИЧ","GUSEV",NULL
"ГУСЕВА ЭЛЬМИРА АРТУРОВНА","GUSEVA",NULL
"ГУЩИНА ЮЛИАНА ЛЕОНИДОВНА","GUSHCHINA",NULL
"ГУЩИНА ЯНА МАРСЕЛЕВНА","GUSHCHINA",NULL
"ДАВЫДОВА ЗЛАТА НИКИТИЧНА","DAVYDOVA",NULL
"ДАВЫДОВА КАРОЛИНА ЕВГЕНЬЕВНА","DAVYDOVA",NULL
"ДАВЫДОВА МАРЬЯНА ГЕОРГИЕВНА","DAVYDOVA",NULL
"ДАНИЛОВ ГЕОРГИЙ СВЯТОГОРОВИЧ","DANILOV",NULL
"ДАНИЛОВ РОМАН ЛЬВОВИЧ","DANILOV",NULL
"ДЕГТЯРЕВ ДАНИЛ НИКОЛАЕВИЧ","DEGTIAREV",NULL
"ДЕГТЯРЕВА ЛЮБОВЬ МАРАТОВНА","DEGTIAREVA",NULL
"ДЕГТЯРЕВА НИКА СВЯТОГОРОВНА","DEGTIAREVA",NULL
"ДЕМЕНТЬЕВ МАРК ВИКТОРОВИЧ","DEMENT'EV",NULL
"ДЕМЕНТЬЕВ МАРК ВИКТОРОВИЧ","DEMENTEV",NULL
"ДЕМЕНТЬЕВ МАТВЕЙ ДАНИЭЛЬЕВИЧ","DEMENTEV",NULL
"ДЕМЕНТЬЕВ РОДИОН ДЕНИСОВИЧ","DEMENT'EV",NULL
"ДЕМЕНТЬЕВ РОДИОН ДЕНИСОВИЧ","DEMENTEV",NULL
"ДЕМЕНТЬЕВ ФЕДОР АРТУРОВИЧ","DEMENT'EV",NULL
"ДЕМЕНТЬЕВА САБИНА ДАНИЛОВНА","DEMENT'EVA",NULL
"ДЕМЕНТЬЕВА САБИНА ДАНИЛОВНА","DEMENTEVA",NULL
"ДЕМИДОВА АДЕЛИНА ЕЛИСЕЕВНА","DEMIDOVA",NULL
"ДЕМИДОВА ПОЛИНА ДАНИИЛОВНА","DEMIDOVA",NULL
"ДЕМИДОВА ЭЛИНА СЕРГЕЕВНА","DEMIDOVA",NULL
"ДЕМИДОВА ЮЛИЯ СТЕПАНОВНА","DEMIDOVA",NULL
"ДЕМИН ДАМИР АРСЕНЬЕВИЧ","DEMIN",NULL
"ДЕМИНА ЯНА ЮРЬЕВНА","DEMINA",NULL
"ДЕМЬЯНОВА АНТОНИНА МАРСЕЛЕВНА","DEMIANOVA",NULL
"ДЕНИСОВ АЛЕКСЕЙ ГРИГОРЬЕВИЧ","DENISOV",NULL
"ДЕНИСОВ ВИТАЛИЙ КОНСТАНТИНОВИЧ","DENISOV",NULL
"ДЕНИСОВ ЗАХАР РУСЛАНОВИЧ","DENISOV",NULL
"ДЕНИСОВА СТЕФАНИЯ АНАТОЛЬЕВНА","DENISOVA",NULL
"ДМИТРИЕВ НАЗАР ГЛЕБОВИЧ","DMITRIEV",NULL
"ДМИТРИЕВ НИКИТА ФЕДОРОВИЧ","DMITRIEV",NULL
"ДМИТРИЕВ ЭМИЛЬ РОДИОНОВИЧ","DMITRIEV",NULL
"ДМИТРИЕВА МАДИНА ИЛЬИНИЧНА","DMITRIEVA",NULL
"ДОБРЫНИНА ЛИДИЯ МИРОНОВНА","DOBRYNINA",NULL
"ДОЛГОВ ЯН ЯРОМИРОВИЧ","DOLGOV",NULL
"ДОЛГОВА ВЕРОНИКА ФЕДОРОВНА","DOLGOVA",NULL
"ДОЛГОВА СОФИЯ СВЯТОГОРОВНА","DOLGOVA",NULL
"ДОРОФЕЕВ МАРК ВИТАЛЬЕВИЧ","DOROFEEV",NULL
"ДОРОФЕЕВА ЛЮДМИЛА АЛЬБЕРТОВНА","DOROFEEVA",NULL
"ДОРОФЕЕВА СОФИЯ ДАНИИЛОВНА","DOROFEEVA",NULL
"ДОРОХОВА АЛИСА РИНАТОВНА","DOROKHOVA",NULL
"ДОРОХОВА НЕЛЛИ ГРИГОРЬЕВНА","DOROKHOVA",NULL
"ДОРОХОВА НИКА АДЕЛЬЕВНА","DOROKHOVA",NULL
"ДОРОХОВА ЮЛИЯ ФЕДОРОВНА","DOROKHOVA",NULL
"ДРОЗДОВ АНДРЕЙ АРТЕМЬИЧ","DROZDOV",NULL
"ДРОЗДОВ ИЛЬЯ ЭМИЛЬЕВИЧ","DROZDOV",NULL
"ДРОЗДОВ КИРИЛЛ СЕРГЕЕВИЧ","DROZDOV",NULL
"ДРОЗДОВ НАЗАР МИРОНОВИЧ","DROZDOV",NULL
"ДРОЗДОВ НИКИТА ДАМИРОВИЧ","DROZDOV",NULL
"ДРОЗДОВ НИКИТА ФЕДОРОВИЧ","DROZDOV",NULL
"ДРОЗДОВ СТАНИСЛАВ ВАДИМОВИЧ","DROZDOV",NULL
"ДРОЗДОВА КИРА ЯРОСЛАВОВНА","DROZDOVA",NULL
"ДРУЖИНИНА ВЛАДИСЛАВА РАДМИРОВНА","DRUZHININA",NULL
"ДРУЖИНИНА НАДЕЖДА АНАТОЛЬЕВНА","DRUZHININA",NULL
"ДУБИНИНА ВИКТОРИЯ СВЯТОГОРОВНА","DUBININA",NULL
"ДУБИНИНА ГАЛИНА ГЕРМАНОВНА","DUBININA",NULL
"ДУБОВА АЛЁНА МИРОСЛАВОВНА","DUBOVA",NULL
"ДУБРОВИНА ЗАРИНА ПЕТРОВНА","DUBROVINA",NULL
"ДЬЯКОВ ВАДИМ ГРИГОРЬЕВИЧ","D'YAKOV",NULL
"ДЬЯКОВ ВАДИМ ГРИГОРЬЕВИЧ","DIAKOV",NULL
"ДЬЯКОВ ЕЛИСЕЙ МАКАРЕВИЧ","D'YAKOV",NULL
"ДЬЯКОВ МАРК САМИРОВИЧ","DIAKOV",NULL
"ДЬЯКОВА АЛЛА ПЕТРОВНА","D'YAKOVA",NULL
"ДЬЯКОВА АЛЛА ПЕТРОВНА","DIAKOVA",NULL
"ДЬЯКОВА ГАЛИНА КОНСТАНТИНОВНА","D'YAKOVA",NULL
"ДЬЯКОВА ГАЛИНА КОНСТАНТИНОВНА","DIAKOVA",NULL
"ДЬЯКОВА МИЛАНА ВАСИЛЬЕВНА","D'YAKOVA",NULL
"ДЬЯКОВА ОЛЬГА ВАСИЛЬЕВНА","D'YAKOVA",NULL
"ДЬЯКОНОВА МАРИНА АЙДАРОВНА","D'YAKONOVA",NULL
"ЕГОРОВ ЯРОСЛАВ АЙДАРОВИЧ","EGOROV",NULL
"ЕГОРОВА ТАИСИЯ САВЕЛЬЕВНА","EGOROVA",NULL
"ЕГОРОВА ТАТЬЯНА ЛЕОНИДОВНА","EGOROVA",NULL
"ЕЖОВ БОГДАН ЮРЬЕВИЧ","EZHOV",NULL
"ЕЖОВА АРИНА ДАНИЛОВНА","EZHOVA",NULL
"ЕЖОВА АРИНА САМИРОВНА","EZHOVA",NULL
"ЕЖОВА КСЕНИЯ МИРОСЛАВОВНА","EZHOVA",NULL
"ЕЛИЗАРОВ АНАТОЛИЙ ГРИГОРЬЕВИЧ","ELIZAROV",NULL
"ЕЛИЗАРОВА ВАСИЛИНА ГОРДЕЕВНА","ELIZAROVA",NULL
"ЕЛИЗАРОВА НАТАЛИЯ ЯРОМИРОВНА","ELIZAROVA",NULL
"ЕЛИСЕЕВ ВЛАД ПЕТРОВИЧ","ELISEEV",NULL
"ЕЛИСЕЕВА АМИНА ИВАНОВНА","ELISEEVA",NULL
"ЕЛИСЕЕВА ВАСИЛИНА АНАТОЛЬЕВНА","ELISEEVA",NULL
"ЕЛИСЕЕВА ВАСИЛИСА ЭДУАРДОВНА","ELISEEVA",NULL
"ЕЛИСЕЕВА ИРИНА ВАЛЕРЬЕВНА","ELISEEVA",NULL
"ЕЛИСЕЕВА НИКА ДАНИЭЛЬЕВНА","ELISEEVA",NULL
"ЕЛИСЕЕВА УЛЬЯНА ДАНИЛОВНА","ELISEEVA",NULL
"ЕЛИСЕЕВА ЮЛИЯ ЯРОМИРОВНА","ELISEEVA",NULL
"ЕМЕЛЬЯНОВ САВЕЛИЙ САВЕЛЬЕВИЧ","EMELIANOV",NULL
"ЕМЕЛЬЯНОВ ФЕДОР ИЛЬИЧ","EMELIANOV",NULL
"ЕМЕЛЬЯНОВ ЯРОСЛАВ ЭМИЛЬЕВИЧ","EMELIANOV",NULL
"ЕМЕЛЬЯНОВА МАРИНА ИЛЬДАРОВНА","EMEL'YANOVA",NULL
"ЕМЕЛЬЯНОВА МАРИНА ИЛЬДАРОВНА","EMELIANOVA",NULL
"ЕМЕЛЬЯНОВА НАТАЛЬЯ КОНСТАНТИНОВНА","EMELIANOVA",NULL
"ЕРЕМЕЕВ ГЛЕБ ЛЕОНИДОВИЧ","EREMEEV",NULL
"ЕРЕМЕЕВА ЛАРИСА МАКСИМОВНА","EREMEEVA",NULL
"ЕРЕМИН ДЕНИС ДАНИИЛОВИЧ","EREMIN",NULL
"ЕРЕМИН ЯН ВИКТОРОВИЧ","EREMIN",NULL
"ЕРЕМИНА ЭЛЬМИРА МИХАЙЛОВНА","EREMINA",NULL
"ЕРМАКОВ ЕГОР ВЛАДИСЛАВОВИЧ","ERMAKOV",NULL
"ЕРМАКОВ НИКИТА ВИТАЛЬЕВИЧ","ERMAKOV",NULL
"ЕРМАКОВ САВВА ИВАНОВИЧ","ERMAKOV",NULL
"ЕРМИЛОВ ПЕТР ЭМИЛЬЕВИЧ","ERMILOV",NULL
"ЕРМИЛОВ РАДМИР ИВАНОВИЧ","ERMILOV",NULL
"ЕРМОЛАЕВ МИРОСЛАВ НИКИТИЧ","ERMOLAEV",NULL
"ЕРМОЛАЕВА АЛИНА АРСЕНЬЕВНА","ERMOLAEVA",NULL
"ЕРМОЛАЕВА КАРОЛИНА ИГОРЕВНА","ERMOLAEVA",NULL
"ЕРМОЛОВ АЛЕКСЕЙ МАРСЕЛЕВИЧ","ERMOLOV",NULL
"ЕРМОЛОВА МАРИНА ИГНАТОВНА","ERMOLOVA",NULL
"ЕРОФЕЕВ ДМИТРИЙ ИГОРЕВИЧ","EROFEEV",NULL
"ЕРОФЕЕВА СОФИЯ ДМИТРИЕВНА","EROFEEVA",NULL
"ЕРШОВ ОДИССЕЙ ИЛЬДАРОВИЧ","ERSHOV",NULL
"ЕФИМОВ ПЛАТОН ДМИТРИЕВИЧ","EFIMOV",NULL
"ЕФРЕМОВ ГЛЕБ ИГНАТОВИЧ","EFREMOV",NULL
"ЖАРОВ АЛЕКСЕЙ РОДИОНОВИЧ","ZHAROV",NULL
"ЖАРОВ ВИТАЛИЙ ЛЬВОВИЧ","ZHAROV",NULL
"ЖАРОВ САМИР АРСЕНЬЕВИЧ","ZHAROV",NULL
"ЖАРОВА АЛИНА РОСТИСЛАВОВНА","ZHAROVA",NULL
"ЖАРОВА ВИКТОРИЯ АРТУРОВНА","ZHAROVA",NULL
"ЖДАНОВ ГЛЕБ ИВАНОВИЧ","ZHDANOV",NULL
"ЖДАНОВА АДЕЛИНА МИРОНОВНА","ZHDANOVA",NULL
"ЖДАНОВА ЕСЕНИЯ ЭМИЛЬЕВНА","ZHDANOVA",NULL
"ЖИЛИН ДЕМИД ВЛАДИСЛАВОВИЧ","ZHILIN",NULL
"ЖИЛИН ЛЕВ САВЕЛЬЕВИЧ","ZHILIN",NULL
"ЖИЛИН ОДИССЕЙ РАМИЛЕВИЧ","ZHILIN",NULL
"ЖИЛИНА ЛЮДМИЛА ЛЬВОВНА","ZHILINA",NULL
"ЖУКОВА ВАРВАРА ЗАХАРОВНА","ZHUKOVA",NULL
"ЖУКОВА ЛИАНА ВАДИМОВНА","ZHUKOVA",NULL
"ЖУРАВЛЕВ НАЗАР ЯРОСЛАВОВИЧ","ZHURAVLEV",NULL
"ЖУРАВЛЕВ СТАНИСЛАВ МИХАЙЛОВИЧ","ZHURAVLEV",NULL
"ЖУРАВЛЕВА СНЕЖАНА МАТВЕЕВНА","ZHURAVLEVA",NULL
"ЗАВЬЯЛОВ ВАСИЛИЙ ДАНИИЛОВИЧ","ZAV'YALOV",NULL
"ЗАВЬЯЛОВ ВАСИЛИЙ ДАНИИЛОВИЧ","ZAVIALOV",NULL
"ЗАВЬЯЛОВ ВЛАДИМИР ИВАНОВИЧ","ZAVIALOV",NULL
"ЗАВЬЯЛОВ ГРИГОРИЙ РИНАТОВИЧ","ZAVIALOV",NULL
"ЗАВЬЯЛОВА КАМИЛЛА ДМИТРИЕВНА","ZAV'YALOVA",NULL
"ЗАВЬЯЛОВА КАМИЛЛА ДМИТРИЕВНА","ZAVIALOVA",NULL
"ЗАВЬЯЛОВА КИРА ВЛАДИСЛАВОВНА","ZAVIALOVA",NULL
"ЗАВЬЯЛОВА ЛЮБОВЬ ГРИГОРЬЕВНА","ZAVIALOVA",NULL
"ЗАЙЦЕВ ВСЕВОЛОД МАРАТОВИЧ","ZAITSEV",NULL
"ЗАЙЦЕВА ЛИДИЯ РОСТИСЛАВОВНА","ZAITCEVA",NULL
"ЗАЙЦЕВА ТАИСИЯ СВЯТОГОРОВНА","ZAYTSEVA",NULL
"ЗАХАРОВ СВЯТОСЛАВ ЕГОРОВИЧ","ZAKHAROV",NULL
"ЗАХАРОВА АНЖЕЛИКА ДАВИДОВНА","ZAKHAROVA",NULL
"ЗАХАРОВА ЛИДИЯ АРТЕМЬЕВНА","ZAKHAROVA",NULL
"ЗАХАРОВА МИРОСЛАВА ПАВЛОВНА","ZAKHAROVA",NULL
"ЗАХАРОВА ЯРОСЛАВА ЕЛИСЕЕВНА","ZAKHAROVA",NULL
"ЗВЕРЕВ АНДРЕЙ ДАНИИЛОВИЧ","ZVEREV",NULL
"ЗВЕРЕВА МАРЬЯНА ТАМЕРЛАНОВНА","ZVEREVA",NULL
"ЗВЕРЕВА СОФИЯ ВАЛЕРЬЕВНА","ZVEREVA",NULL
"ЗВЯГИНЦЕВ ГЕОРГИЙ ВЯЧЕСЛАВОВИЧ","ZVIAGINTSEV",NULL
"ЗВЯГИНЦЕВ ГЕОРГИЙ ВЯЧЕСЛАВОВИЧ","ZVYAGINTSEV",NULL
"ЗВЯГИНЦЕВ РИНАТ ВИКТОРОВИЧ","ZVIAGINTCEV",NULL
"ЗВЯГИНЦЕВ РИНАТ ВИКТОРОВИЧ","ZVIAGINTSEV",NULL
"ЗВЯГИНЦЕВА ВАЛЕНТИНА ДЕМИДОВНА","ZVYAGINTSEVA",NULL
"ЗВЯГИНЦЕВА КИРА РОСТИСЛАВОВНА","ZVIAGINTSEVA",NULL
"ЗЕЛЕНИН БОГДАН ОДИССЕИЧ","ZELENIN",NULL
"ЗЕЛЕНИН БОРИС ВЯЧЕСЛАВОВИЧ","ZELENIN",NULL
"ЗЕЛЕНИНА УЛЬЯНА ИВАНОВНА","ZELENINA",NULL
"ЗИМИН МАКСИМ ДАНИИЛОВИЧ","ZIMIN",NULL
"ЗИМИНА ВАЛЕНТИНА АРТЁМОВНА","ZIMINA",NULL
"ЗИМИНА ВИОЛЕТТА СТЕПАНОВНА","ZIMINA",NULL
"ЗИМИНА КРИСТИНА ОЛЕГОВНА","ZIMINA",NULL
"ЗИМИНА МАЙЯ МАРАТОВНА","ZIMINA",NULL
"ЗИНОВЬЕВ АРТЁМ НАЗАРОВИЧ","ZINOVEV",NULL
"ЗИНОВЬЕВ РАДМИР ЛЕОНИДОВИЧ","ZINOV'EV",NULL
"ЗИНОВЬЕВ РАДМИР ЛЕОНИДОВИЧ","ZINOVEV",NULL
"ЗИНОВЬЕВА АЛЕКСАНДРА ИГНАТОВНА","ZINOV'EVA",NULL
"ЗИНОВЬЕВА АЛЕКСАНДРА ИГНАТОВНА","ZINOVEVA",NULL
"ЗИНОВЬЕВА АМИНА ОЛЕГОВНА","ZINOVEVA",NULL
"ЗИНОВЬЕВА ВАСИЛИНА БОРИСОВНА","ZINOVEVA",NULL
"ЗИНОВЬЕВА ТАИСИЯ РОСТИСЛАВОВНА","ZINOV'EVA",NULL
"ЗЛОБИН ЯН ПАВЛОВИЧ","ZLOBIN",NULL
"ЗЛОБИНА ЕЛЕНА ЗАХАРОВНА","ZLOBINA",NULL
"ЗЛОБИНА ИННА ТАМЕРЛАНОВНА","ZLOBINA",NULL
"ЗЛОБИНА КАРИНА ТАМЕРЛАНОВНА","ZLOBINA",NULL
"ЗЛОБИНА ЯНА ПЕТРОВНА","ZLOBINA",NULL
"ЗОЛОТАРЕВ АДЕЛЬ ИЛЬДАРОВИЧ","ZOLOTAREV",NULL
"ЗОЛОТАРЕВ ВСЕВОЛОД АНТОНОВИЧ","ZOLOTAREV",NULL
"ЗОЛОТАРЕВ ЗАХАР ЛЕОНИДОВИЧ","ZOLOTAREV",NULL
"ЗОЛОТАРЕВ РАДМИР РИНАТОВИЧ","ZOLOTAREV",NULL
"ЗОЛОТАРЕВ ТИМУР РОБЕРТОВИЧ","ZOLOTAREV",NULL
"ЗОЛОТАРЕВА АННА АЛЕКСЕЕВНА","ZOLOTAREVA",NULL
"ЗОРИН ЯРОСЛАВ ФИЛИППОВИЧ","ZORIN",NULL
"ЗОРИНА РЕГИНА АЙДАРОВНА","ZORINA",NULL
"ЗОТОВ АРТЁМ БОГДАНОВИЧ","ZOTOV",NULL
"ЗОТОВ ПАВЕЛ НАЗАРОВИЧ","ZOTOV",NULL
"ЗОТОВА ЗЛАТА ВЛАДИСЛАВОВНА","ZOTOVA",NULL
"ЗОТОВА ЛАРИСА ГЕОРГИЕВНА","ZOTOVA",NULL
"ЗУБКОВ ВАДИМ РУСТАМОВИЧ","ZUBKOV",NULL
"ЗУБКОВ МИХАИЛ АРТУРОВИЧ","ZUBKOV",NULL
"ЗУБКОВ ОЛЕГ МАТВЕИЧ","ZUBKOV",NULL
"ЗУБОВА САБИНА МАРСЕЛЕВНА","ZUBOVA",NULL
"ЗУЕВА АЛЛА ФЕДОРОВНА","ZUEVA",NULL
"ЗУЕВА ИРИНА ОЛЕГОВНА","ZUEVA",NULL
"ЗУЕВА ТАИСИЯ ДАНИЭЛЬЕВНА","ZUEVA",NULL
"ЗЫКОВ ИЛЬДАР САВЕЛЬЕВИЧ","ZYKOV",NULL
"ЗЫКОВ РОБЕРТ НИКОЛАЕВИЧ","ZYKOV",NULL
"ЗЫКОВА ВИОЛЕТТА РОСТИСЛАВОВНА","ZYKOVA",NULL
"ЗЫКОВА ВЛАДИСЛАВА АРТУРОВНА","ZYKOVA",NULL
"ЗЫКОВА МАЙЯ ИВАНОВНА","ZYKOVA",NULL
"ИВАНОВ НИКИТА ИГНАТОВИЧ","IVANOV",NULL
"ИВАНОВ РОМАН ВЛАДИСЛАВОВИЧ","IVANOV",NULL
"ИВАНОВ ЭМИЛЬ ЕВГЕНЬЕВИЧ","IVANOV",NULL
"ИВАНОВА МАЙЯ НАЗАРОВНА","IVANOVA",NULL
"ИВАНОВА НАДЕЖДА ИЛЬДАРОВНА","IVANOVA",NULL
"ИВАНОВА САМИРА ВСЕВОЛОДОВНА","IVANOVA",NULL
"ИГНАТОВА ЛЮДМИЛА ТИМОФЕЕВНА","IGNATOVA",NULL
"ИГНАТЬЕВА АЛИНА СЕРГЕЕВНА","IGNAT'EVA",NULL
"ИГНАТЬЕВА АЛИНА СЕРГЕЕВНА","IGNATEVA",NULL
"ИГНАТЬЕВА УЛЬЯНА РОСТИСЛАВОВНА","IGNAT'EVA",NULL
"ИЗМАЙЛОВ АРТУР КОНСТАНТИНОВИЧ","IZMAILOV",NULL
"ИЗМАЙЛОВ ГОРДЕЙ САВВОВИЧ","IZMAILOV",NULL
"ИЗМАЙЛОВ ГОРДЕЙ САВВОВИЧ","IZMAYLOV",NULL
"ИЗМАЙЛОВ ЛЕОНИД РУСТАМОВИЧ","IZMAILOV",NULL
"ИЗМАЙЛОВ ЛЕОНИД РУСТАМОВИЧ","IZMAYLOV",NULL
"ИЗМАЙЛОВ НАЗАР МАРСЕЛЕВИЧ","IZMAILOV",NULL
"ИЗМАЙЛОВ НАЗАР МАРСЕЛЕВИЧ","IZMAYLOV",NULL
"ИЗМАЙЛОВА АМЕЛИЯ ГЛЕБОВНА","IZMAILOVA",NULL
"ИЗМАЙЛОВА ЕВГЕНИЯ ИГОРЕВНА","IZMAILOVA",NULL
"ИЗМАЙЛОВА ЕВГЕНИЯ ИГОРЕВНА","IZMAYLOVA",NULL
"ИЗМАЙЛОВА МАДИНА ТАМЕРЛАНОВНА","IZMAYLOVA",NULL
"ИЛЬИН МАРАТ ТАМЕРЛАНОВИЧ","ILIN",NULL
"ИЛЬИН САВВА ЯРОСЛАВОВИЧ","IL'IN",NULL
"ИЛЬИНА ВАЛЕНТИНА ПЕТРОВНА","IL'INA",NULL
"ИЛЬИНА ТАТЬЯНА ДЕНИСОВНА","ILINA",NULL
"ИЛЬИНСКАЯ ТАИСИЯ ГЛЕБОВНА","ILINSKAIA",NULL
"ИЛЬИНСКИЙ КИРИЛЛ РАДМИРОВИЧ","IL'INSKIY",NULL
"ИСАЕВ ДАМИР ИВАНОВИЧ","ISAEV",NULL
"ИСАЕВ КОНСТАНТИН ВЛАДИСЛАВОВИЧ","ISAEV",NULL
"ИСАЕВ РУСТАМ СВЯТОГОРОВИЧ","ISAEV",NULL
"ИСАЕВ САМИР АЛЕКСЕЕВИЧ","ISAEV",NULL
"ИСАЕВА САМИРА АМИРОВНА","ISAEVA",NULL
"ИСАЕВА СВЕТЛАНА АРСЕНЬЕВНА","ISAEVA",NULL
"ИСАКОВ СВЯТОСЛАВ МИХАЙЛОВИЧ","ISAKOV",NULL
"ИСАКОВА АЛИНА ЛЬВОВНА","ISAKOVA",NULL
"КАЗАКОВ КОНСТАНТИН ГЕРМАНОВИЧ","KAZAKOV",NULL
"КАЗАКОВ МАРСЕЛЬ МАРАТОВИЧ","KAZAKOV",NULL
"КАЗАКОВА АМАЛИЯ БОГДАНОВНА","KAZAKOVA",NULL
"КАЗАКОВА СТЕФАНИЯ ДАНИИЛОВНА","KAZAKOVA",NULL
"КАЗАКОВА ЯНА ВСЕВОЛОДОВНА","KAZAKOVA",NULL
"КАЗАНЦЕВ ВСЕВОЛОД РИНАТОВИЧ","KAZANTCEV",NULL
"КАЗАНЦЕВА МАРЬЯНА АРТЕМЬЕВНА","KAZANTCEVA",NULL
"КАЛАЧЕВ ВИТАЛИЙ АРТЁМОВИЧ","KALACHEV",NULL
"КАЛАЧЕВА АЛИНА ЛЬВОВНА","KALACHEVA",NULL
"КАЛАЧЕВА ЕВА ЭДУАРДОВНА","KALACHEVA",NULL
"КАЛАШНИКОВ ВЛАДИМИР ВЯЧЕСЛАВОВИЧ","KALASHNIKOV",NULL
"КАЛАШНИКОВ ЮРИЙ ЕВГЕНЬЕВИЧ","KALASHNIKOV",NULL
"КАЛАШНИКОВА КИРА САВВОВНА","KALASHNIKOVA",NULL
"КАЛАШНИКОВА МИЛАНА МАРКОВНА","KALASHNIKOVA",NULL
"КАЛИНИНА АРИАНА ЯРОСЛАВОВНА","KALININA",NULL
"КАЛМЫКОВ ЗАХАР ЛЬВОВИЧ","KALMYKOV",NULL
"КАЛУГИН АЙДАР АЛЬБЕРТОВИЧ","KALUGIN",NULL
"КАПУСТИН ВАДИМ ДАНИЛОВИЧ","KAPUSTIN",NULL
"КАПУСТИН КИРИЛЛ КОНСТАНТИНОВИЧ","KAPUSTIN",NULL
"КАПУСТИН МИРОН ИЛЬИЧ","KAPUSTIN",NULL
"КАРПОВ ОДИССЕЙ ТИМОФЕЕВИЧ","KARPOV",NULL
"КАРПОВ СВЯТОСЛАВ ГРИГОРЬЕВИЧ","KARPOV",NULL
"КАРПОВА АЛЕКСАНДРА АЛЬБЕРТОВНА","KARPOVA",NULL
"КАРПОВА ВЛАДА ИВАНОВНА","KARPOVA",NULL
"КАРТАШОВА АРИАНА ВИТАЛЬЕВНА","KARTASHOVA",NULL
"КАСАТКИН ДЕНИС ОЛЕГОВИЧ","KASATKIN",NULL
"КАСАТКИНА ЛИАНА КИРИЛЛОВНА","KASATKINA",NULL
"КАСЬЯНОВ ДЕМИД ПАВЛОВИЧ","KAS'YANOV",NULL
"КАСЬЯНОВ ДЕМИД ПАВЛОВИЧ","KASIANOV",NULL
"КАСЬЯНОВА ЭМИЛИЯ ИГОРЕВНА","KAS'YANOVA",NULL
"КИРЕЕВА ЛИАНА ПАВЛОВНА","KIREEVA",NULL
"КИРЕЕВА МАРИЯ САВЕЛЬЕВНА","KIREEVA",NULL
"КИРИЛЛОВ ВАЛЕРИЙ РОМАНОВИЧ","KIRILLOV",NULL
"КИРИЛЛОВА ЭМИЛИЯ ВАЛЕРЬЕВНА","KIRILLOVA",NULL
"КИСЕЛЕВ АЛЕКСЕЙ ФИЛИППОВИЧ","KISELEV",NULL
"КИСЕЛЕВ АЛЬБЕРТ ЕГОРОВИЧ","KISELEV",NULL
"КИСЕЛЕВ АРТЕМИЙ ФИЛИППОВИЧ","KISELEV",NULL
"КИСЕЛЕВ ВЯЧЕСЛАВ РУСЛАНОВИЧ","KISELEV",NULL
"КИСЕЛЕВ ИВАН ИГОРЕВИЧ","KISELEV",NULL
"КИСЕЛЕВ САМИР РОМАНОВИЧ","KISELEV",NULL
"КИСЕЛЕВА АМЕЛИЯ ДЕМИДОВНА","KISELEVA",NULL
"КИСЕЛЕВА КСЕНИЯ АЛЕКСЕЕВНА","KISELEVA",NULL
"КИСЕЛЕВА ТАИСИЯ ГОРДЕЕВНА","KISELEVA",NULL
"КИСЕЛЕВА ЭВЕЛИНА ЗАХАРОВНА","KISELEVA",NULL
"КЛИМОВ АНАТОЛИЙ ЕВГЕНЬЕВИЧ","KLIMOV",NULL
"КЛИМОВ АНТОН АРТЁМОВИЧ","KLIMOV",NULL
"КЛИМОВА АНАСТАСИЯ РИНАТОВНА","KLIMOVA",NULL
"КЛИМОВА ЕСЕНИЯ МАТВЕЕВНА","KLIMOVA",NULL
"КЛИМОВА МИРОСЛАВА МАКСИМОВНА","KLIMOVA",NULL
"КЛИМОВА СТЕФАНИЯ МАТВЕЕВНА","KLIMOVA",NULL
"КЛИМОВА ЭЛИНА ГОРДЕЕВНА","KLIMOVA",NULL
"КЛЮЕВ ВИКТОР СТАНИСЛАВОВИЧ","KLIUEV",NULL
"КЛЮЕВ ВИКТОР СТАНИСЛАВОВИЧ","KLYUEV",NULL
"КЛЮЕВА ЭВЕЛИНА ДЕМИДОВНА","KLYUEVA",NULL
"КЛЮЕВА ЯНА БОГДАНОВНА","KLIUEVA",NULL
"КЛЮЕВА ЯНА БОГДАНОВНА","KLYUEVA",NULL
"КНЯЗЕВ РУСТАМ ИЛЬДАРОВИЧ","KNIAZEV",NULL
"КНЯЗЕВА АЛИЯ ПЛАТОНОВНА","KNIAZEVA",NULL
"КОВАЛЕВА ЛАРИСА ПЛАТОНОВНА","KOVALEVA",NULL
"КОВАЛЕВА МАЙЯ РОМАНОВНА","KOVALEVA",NULL
"КОЖЕВНИКОВ СВЯТОСЛАВ СТЕПАНОВИЧ","KOZHEVNIKOV",NULL
"КОЖЕВНИКОВ ЮРИЙ ВЛАДИМИРОВИЧ","KOZHEVNIKOV",NULL
"КОЖЕВНИКОВА ЭЛЬМИРА ПЛАТОНОВНА","KOZHEVNIKOVA",NULL
"КОЗИНА ЛЮБОВЬ ОДИССЕЕВНА","KOZINA",NULL
"КОЗИНА МАРЬЯНА ИВАНОВНА","KOZINA",NULL
"КОЗИНА НИКА РИНАТОВНА","KOZINA",NULL
"КОЗИНА ОКСАНА ЕГОРОВНА","KOZINA",NULL
"КОЗЛОВ ЕВГЕНИЙ МАРКОВИЧ","KOZLOV",NULL
"КОЗЛОВ СЕМЕН ВЯЧЕСЛАВОВИЧ","KOZLOV",NULL
"КОЗЛОВА АРИНА ВИТАЛЬЕВНА","KOZLOVA",NULL
"КОЗЛОВА ДИАНА МИРОСЛАВОВНА","KOZLOVA",NULL
"КОЗЛОВА ЭВЕЛИНА РАМИЛЬЕВНА","KOZLOVA",NULL
"КОЗЛОВСКАЯ ВЛАДА РУСТАМОВНА","KOZLOVSKAIA",NULL
"КОЗЫРЕВ ПЕТР РАДМИРОВИЧ","KOZYREV",NULL
"КОЗЫРЕВ РУСЛАН АЛЕКСЕЕВИЧ","KOZYREV",NULL
"КОЗЫРЕВ СТЕПАН РАДМИРОВИЧ","KOZYREV",NULL
"КОЗЫРЕВА МАРГАРИТА ЯРОМИРОВНА","KOZYREVA",NULL
"КОЛЕСНИКОВ АНТОН ЕВГЕНЬЕВИЧ","KOLESNIKOV",NULL
"КОЛЕСНИКОВ РУСЛАН АРСЕНЬЕВИЧ","KOLESNIKOV",NULL
"КОЛЕСНИКОВ РУСТАМ ГЕРМАНОВИЧ","KOLESNIKOV",NULL
"КОЛЕСНИКОВ СЕМЕН ДАНИЭЛЬЕВИЧ","KOLESNIKOV",NULL
"КОЛЕСНИКОВА АНЖЕЛИКА ЛЕОНИДОВНА","KOLESNIKOVA",NULL
"КОЛЕСНИКОВА МАРИНА МАТВЕЕВНА","KOLESNIKOVA",NULL
"КОЛЕСНИКОВА УЛЬЯНА ЭДУАРДОВНА","KOLESNIKOVA",NULL
"КОЛЕСОВ ВСЕВОЛОД НИКОЛАЕВИЧ","KOLESOV",NULL
"КОЛЕСОВ СВЯТОСЛАВ ГРИГОРЬЕВИЧ","KOLESOV",NULL
"КОЛЕСОВА КАМИЛЛА РОМАНОВНА","KOLESOVA",NULL
"КОЛЕСОВА МИЛАНА ТАМЕРЛАНОВНА","KOLESOVA",NULL
"КОЛЕСОВА ОКСАНА НИКИТИЧНА","KOLESOVA",NULL
"КОЛОСОВ РОБЕРТ АРТЁМОВИЧ","KOLOSOV",NULL
"КОЛОСОВ ЭДУАРД ВСЕВОЛОДОВИЧ","KOLOSOV",NULL
"КОЛПАКОВ АЛЕКСАНДР ЕЛИСЕЕВИЧ","KOLPAKOV",NULL
"КОЛПАКОВ ЭДУАРД ВСЕВОЛОДОВИЧ","KOLPAKOV",NULL
"КОЛПАКОВ ЯН МАРАТОВИЧ","KOLPAKOV",NULL
"КОЛПАКОВА КРИСТИНА МАРСЕЛЕВНА","KOLPAKOVA",NULL
"КОЛПАКОВА ЭЛИНА ФИЛИППОВНА","KOLPAKOVA",NULL
"КОЛЬЦОВА АМИНА ДАНИЛОВНА","KOL'TSOVA",NULL
"КОЛЬЦОВА АМИНА ДАНИЛОВНА","KOLTSOVA",NULL
"КОМИССАРОВ ИЛЬЯ РОБЕРТОВИЧ","KOMISSAROV",NULL
"КОМИССАРОВ МИРОСЛАВ ИГОРЕВИЧ","KOMISSAROV",NULL
"КОМИССАРОВА МАДИНА РОМАНОВНА","KOMISSAROVA",NULL
"КОМИССАРОВА ОКСАНА МАРСЕЛЕВНА","KOMISSAROVA",NULL
"КОНДРАТОВ ВАСИЛИЙ ИГНАТОВИЧ","KONDRATOV",NULL
"КОНДРАТОВ ЭМИЛЬ ВСЕВОЛОДОВИЧ","KONDRATOV",NULL
"КОНДРАТОВА НЕЛЛИ МИРОСЛАВОВНА","KONDRATOVA",NULL
"КОНДРАТЬЕВ БОГДАН САМИРОВИЧ","KONDRAT'EV",NULL
"КОНДРАТЬЕВ БОГДАН САМИРОВИЧ","KONDRATEV",NULL
"КОНДРАТЬЕВ ВСЕВОЛОД ВАДИМОВИЧ","KONDRATEV",NULL
"КОНДРАШОВ ДАВИД РАМИЛЕВИЧ","KONDRASHOV",NULL
"КОНДРАШОВ ТИМУР ДАВИДОВИЧ","KONDRASHOV",NULL
"КОНОВАЛОВ ВИТАЛИЙ ТИХОНОВИЧ","KONOVALOV",NULL
"КОНОВАЛОВ ВЛАДИСЛАВ ГЕРМАНОВИЧ","KONOVALOV",NULL
"КОНОВАЛОВ НИКОЛАЙ МАРАТОВИЧ","KONOVALOV",NULL
"КОНОВАЛОВ РОМАН ЭМИЛЬЕВИЧ","KONOVALOV",NULL
"КОНОВАЛОВ РОСТИСЛАВ СТАНИСЛАВОВИЧ","KONOVALOV",NULL
"КОНОВАЛОВА АМЕЛИЯ ГЕРМАНОВНА","KONOVALOVA",NULL
"КОНОНОВ СЕРГЕЙ ЮРЬЕВИЧ","KONONOV",NULL
"КОНСТАНТИНОВ ТИМОФЕЙ МИХАЙЛОВИЧ","KONSTANTINOV",NULL
"КОНСТАНТИНОВ ТИХОН ЯНОВИЧ","KONSTANTINOV",NULL
"КОНСТАНТИНОВА ЗАРИНА ДАНИЛОВНА","KONSTANTINOVA",NULL
"КОПЫЛОВА НИКА ДЕМИДОВНА","KOPYLOVA",NULL
"КОРНЕВ ВЛАДИМИР ФИЛИППОВИЧ","KORNEV",NULL
"КОРНЕВА КРИСТИНА ВИТАЛЬЕВНА","KORNEVA",NULL
"КОРНЕВА МИЛАНА НИКИТИЧНА","KORNEVA",NULL
"КОРНЕЕВ СЕРГЕЙ ТАМЕРЛАНОВИЧ","KORNEEV",NULL
"КОРНЕЕВ СТАНИСЛАВ ФЕДОРОВИЧ","KORNEEV",NULL
"КОРНИЛОВ РИНАТ ЕЛИСЕЕВИЧ","KORNILOV",NULL
"КОРНИЛОВА МАРЬЯНА МАРСЕЛЕВНА","KORNILOVA",NULL
"КОРНИЛОВА НАТАЛИЯ ВСЕВОЛОДОВНА","KORNILOVA",NULL
"КОРНИЛОВА НАТАЛЬЯ АРСЕНЬЕВНА","KORNILOVA",NULL
"КОРНИЛОВА ОЛЕСЯ САМИРОВНА","KORNILOVA",NULL
"КОРНИЛОВА САБИНА СВЯТОСЛАВОВНА","KORNILOVA",NULL
"КОРНИЛОВА СОФИЯ ЕЛИСЕЕВНА","KORNILOVA",NULL
"КОРОВИН АРСЕН СТАНИСЛАВОВИЧ","KOROVIN",NULL
"КОРОВИН АРТЁМ САВВОВИЧ","KOROVIN",NULL
"КОРОВИН ГЛЕБ ВАДИМОВИЧ","KOROVIN",NULL
"КОРОВИНА МАРИНА ПЕТРОВНА","KOROVINA",NULL
"КОРОЛЕВ БОГДАН КОНСТАНТИНОВИЧ","KOROLEV",NULL
"КОРОЛЕВ РОБЕРТ ИВАНОВИЧ","KOROLEV",NULL
"КОРОЛЕВ ЯРОМИР РОСТИСЛАВОВИЧ","KOROLEV",NULL
"КОРОЛЬКОВ ВЛАД МАРСЕЛЕВИЧ","KOROL'KOV",NULL
"КОРОЛЬКОВ ВЛАД МАРСЕЛЕВИЧ","KOROLKOV",NULL
"КОРОЛЬКОВ КИРИЛЛ МАРСЕЛЕВИЧ","KOROL'KOV",NULL
"КОРОЛЬКОВ КИРИЛЛ МАРСЕЛЕВИЧ","KOROLKOV",NULL
"КОРОЛЬКОВА МИРОСЛАВА ЕВГЕНЬЕВНА","KOROLKOVA",NULL
"КОРОТКОВ БОРИС МАРСЕЛЕВИЧ","KOROTKOV",NULL
"КОРОТКОВ СТАНИСЛАВ АРСЕНЬЕВИЧ","KOROTKOV",NULL
"КОРОТКОВА ОКСАНА ВСЕВОЛОДОВНА","KOROTKOVA",NULL
"КОРЧАГИН ТИМУР ФИЛИППОВИЧ","KORCHAGIN",NULL
"КОРЧАГИНА АЛЛА СЕРГЕЕВНА","KORCHAGINA",NULL
"КОСАРЕВ ВСЕВОЛОД ДЕНИСОВИЧ","KOSAREV",NULL
"КОСАРЕВ РОМАН ВАЛЕРЬЕВИЧ","KOSAREV",NULL
"КОСАРЕВА ВАСИЛИНА АЛЕКСЕЕВНА","KOSAREVA",NULL
"КОСАРЕВА ВИОЛЕТТА ДЕНИСОВНА","KOSAREVA",NULL
"КОСТИНА АЛЕКСАНДРА ДМИТРИЕВНА","KOSTINA",NULL
"КОСТИНА ВАЛЕНТИНА РАМИЛЬЕВНА","KOSTINA",NULL
"КОСТИНА ГАЛИНА ФЕДОРОВНА","KOSTINA",NULL
"КОСТИНА ПОЛИНА ВАСИЛЬЕВНА","KOSTINA",NULL
"КОСТИНА ПОЛИНА КОНСТАНТИНОВНА","KOSTINA",NULL
"КОТОВ НИКОЛАЙ АЛЕКСАНДРОВИЧ","KOTOV",NULL
"КОТОВ ЮРИЙ ДАНИЛОВИЧ","KOTOV",NULL
"КОТОВА АМАЛИЯ ТИХОНОВНА","KOTOVA",NULL
"КОТОВА ЛЮДМИЛА АНАТОЛЬЕВНА","KOTOVA",NULL
"КОТОВА МАЙЯ АМИРОВНА","KOTOVA",NULL
"КОЧЕРГИНА АЛИЯ ЕВГЕНЬЕВНА","KOCHERGINA",NULL
"КОЧЕРГИНА ВЛАДА АМИРОВНА","KOCHERGINA",NULL
"КОЧЕРГИНА ЕСЕНИЯ ЗАХАРОВНА","KOCHERGINA",NULL
"КОЧЕРГИНА ЛЮДМИЛА СЕМЕНОВНА","KOCHERGINA",NULL
"КОЧЕРГИНА ЭЛИНА ПЕТРОВНА","KOCHERGINA",NULL
"КОЧЕТКОВ ВИТАЛИЙ МАРСЕЛЕВИЧ","KOCHETKOV",NULL
"КОЧЕТКОВА АМЕЛИЯ МАКАРЬЕВНА","KOCHETKOVA",NULL
"КОЧЕТКОВА КИРА ВАДИМОВНА","KOCHETKOVA",NULL
"КОЧЕТОВА АМАЛИЯ ВАДИМОВНА","KOCHETOVA",NULL
"КОЧЕТОВА ЕЛЕНА ВЛАДИМИРОВНА","KOCHETOVA",NULL
"КОШЕЛЕВ АМИР ЕВГЕНЬЕВИЧ","KOSHELEV",NULL
"КОШЕЛЕВ АРТУР ИЛЬДАРОВИЧ","KOSHELEV",NULL
"КРАВЦОВ ВЛАДИМИР ТИМОФЕЕВИЧ","KRAVTCOV",NULL
"КРАВЦОВ ВЛАДИМИР ТИМОФЕЕВИЧ","KRAVTSOV",NULL
"КРАВЦОВА АРИНА МИХАЙЛОВНА","KRAVTSOVA",NULL
"КРАВЦОВА МАРИНА СЕМЕНОВНА","KRAVTSOVA",NULL
"КРАСНОВ ДЕМИД ПЕТРОВИЧ","KRASNOV",NULL
"КРАСНОВ ЮРИЙ ЕЛИСЕЕВИЧ","KRASNOV",NULL
"КРУГЛОВ ГРИГОРИЙ БОГДАНОВИЧ","KRUGLOV",NULL
"КРУГЛОВА СНЕЖАНА АРСЕНЬЕВНА","KRUGLOVA",NULL
"КРЫЛОВ ДАНИЛА ЭДУАРДОВИЧ","KRYLOV",NULL
"КРЫЛОВ ЕГОР АНДРЕЕВИЧ","KRYLOV",NULL
"КРЫЛОВА ВЛАДА АНДРЕЕВНА","KRYLOVA",NULL
"КРЫЛОВА ГАЛИНА СВЯТОГОРОВНА","KRYLOVA",NULL
"КРЫЛОВА ЛИДИЯ ИЛЬИНИЧНА","KRYLOVA",NULL
"КРЮКОВ БОГДАН ГЕРМАНОВИЧ","KRYUKOV",NULL
"КРЮЧКОВ АЙДАР НИКОЛАЕВИЧ","KRIUCHKOV",NULL
"КРЮЧКОВ МАРК АРСЕНЬЕВИЧ","KRYUCHKOV",NULL
"КРЮЧКОВА АЛИНА МАРАТОВНА","KRIUCHKOVA",NULL
"КРЮЧКОВА АЛИНА МАРАТОВНА","KRYUCHKOVA",NULL
"КРЮЧКОВА АНАСТАСИЯ ГЕРМАНОВНА","KRIUCHKOVA",NULL
"КУДРЯВЦЕВ ГЛЕБ ВИКТОРОВИЧ","KUDRIAVTSEV",NULL
"КУДРЯВЦЕВ ГЛЕБ ВИКТОРОВИЧ","KUDRYAVTSEV",NULL
"КУДРЯВЦЕВ САВЕЛИЙ АЙДАРОВИЧ","KUDRIAVTCEV",NULL
"КУДРЯВЦЕВ САВЕЛИЙ АЙДАРОВИЧ","KUDRIAVTSEV",NULL
"КУДРЯВЦЕВ САВЕЛИЙ АЙДАРОВИЧ","KUDRYAVTSEV",NULL
"КУДРЯШОВА ВАЛЕРИЯ ДЕНИСОВНА","KUDRIASHOVA",NULL
"КУДРЯШОВА ОКСАНА ГЛЕБОВНА","KUDRIASHOVA",NULL
"КУДРЯШОВА ОКСАНА ГЛЕБОВНА","KUDRYASHOVA",NULL
"КУЗИН ВСЕВОЛОД ИГОРЕВИЧ","KUZIN",NULL
"КУЗИН ТИМУР САВЕЛЬЕВИЧ","KUZIN",NULL
"КУЗИНА ЭЛЬВИРА ДМИТРИЕВНА","KUZINA",NULL
"КУЗНЕЦОВ ГЛЕБ АМИРОВИЧ","KUZNETCOV",NULL
"КУЗНЕЦОВ ГЛЕБ АМИРОВИЧ","KUZNETSOV",NULL
"КУЗНЕЦОВА КСЕНИЯ ВЯЧЕСЛАВОВНА","KUZNETSOVA",NULL
"КУЗНЕЦОВА ЛИАНА АЙДАРОВНА","KUZNETCOVA",NULL
"КУЗНЕЦОВА ЛИАНА АЙДАРОВНА","KUZNETSOVA",NULL
"КУЗНЕЦОВА МАДИНА ДАМИРОВНА","KUZNETSOVA",NULL
"КУЗЬМИНА ВАРВАРА МАРСЕЛЕВНА","KUZ'MINA",NULL
"КУЗЬМИНА ВАРВАРА МАРСЕЛЕВНА","KUZMINA",NULL
"КУКУШКИНА НАТАЛИЯ АНТОНОВНА","KUKUSHKINA",NULL
"КУКУШКИНА УЛЬЯНА АРТУРОВНА","KUKUSHKINA",NULL
"КУЛАГИН МИРОСЛАВ АНАТОЛЬЕВИЧ","KULAGIN",NULL
"КУЛАГИН ЯН МИРОСЛАВОВИЧ","KULAGIN",NULL
"КУЛАГИНА ДИАНА МИХАЙЛОВНА","KULAGINA",NULL
"КУЛАГИНА МАРИЯ РУСЛАНОВНА","KULAGINA",NULL
"КУЛАГИНА РЕГИНА ЕЛИСЕЕВНА","KULAGINA",NULL
"КУЛАГИНА САБИНА ВИКТОРОВНА","KULAGINA",NULL
"КУЛАГИНА СТЕФАНИЯ ЕГОРОВНА","KULAGINA",NULL
"КУЛАКОВ ДАНИЭЛЬ ВИКТОРОВИЧ","KULAKOV",NULL
"КУЛАКОВ ТИМОФЕЙ БОГДАНОВИЧ","KULAKOV",NULL
"КУЛАКОВА ОЛЕСЯ ТАМЕРЛАНОВНА","KULAKOVA",NULL
"КУЛЕШОВ РАМИЛЬ ДАНИЭЛЬЕВИЧ","KULESHOV",NULL
"КУЛЕШОВА АМИНА ИГНАТОВНА","KULESHOVA",NULL
"КУЛЕШОВА ЕВГЕНИЯ АЙДАРОВНА","KULESHOVA",NULL
"КУЛЕШОВА МАРИЯ МАТВЕЕВНА","KULESHOVA",NULL
"КУЛИКОВ АДЕЛЬ РИНАТОВИЧ","KULIKOV",NULL
"КУЛИКОВ ГЕРМАН ПАВЛОВИЧ","KULIKOV",NULL
"КУЛИКОВ МАРК СВЯТОГОРОВИЧ","KULIKOV",NULL
"КУЛИКОВ МИРОН РУСТАМОВИЧ","KULIKOV",NULL
"КУЛИКОВА АРИНА ИВАНОВНА","KULIKOVA",NULL
"КУЛИКОВА НАТАША ВЯЧЕСЛАВОВНА","KULIKOVA",NULL
"КУПРИЯНОВ АНДРЕЙ ДЕМИДОВИЧ","KUPRIIANOV",NULL
"КУПРИЯНОВ АНДРЕЙ ДЕМИДОВИЧ","KUPRIYANOV",NULL
"КУПРИЯНОВ ЕГОР ТИМУРОВИЧ","KUPRIYANOV",NULL
"КУРОЧКИН АЛЕКСЕЙ ДАНИИЛОВИЧ","KUROCHKIN",NULL
"КУРОЧКИНА ВЕРА НАЗАРОВНА","KUROCHKINA",NULL
"ЛАВРЕНТЬЕВ ДЕМИД РОМАНОВИЧ","LAVRENTEV",NULL
"ЛАВРЕНТЬЕВА АДЕЛИНА ВЛАДЬЕВНА","LAVRENT'EVA",NULL
"ЛАВРЕНТЬЕВА АДЕЛИНА ВЛАДЬЕВНА","LAVRENTEVA",NULL
"ЛАВРЕНТЬЕВА АЛЁНА ДАНИЭЛЬЕВНА","LAVRENTEVA",NULL
"ЛАВРЕНТЬЕВА СОФЬЯ АМИРОВНА","LAVRENT'EVA",NULL
"ЛАВРОВ МАКСИМ ДАНИЭЛЬЕВИЧ","LAVROV",NULL
"ЛАЗАРЕВ СТАНИСЛАВ ЭМИЛЬЕВИЧ","LAZAREV",NULL
"ЛАЗАРЕВ ЯРОСЛАВ КИРИЛЛОВИЧ","LAZAREV",NULL
"ЛАЗАРЕВА ЕСЕНИЯ ЛЬВОВНА","LAZAREVA",NULL
"ЛАЗАРЕВА НАТАЛИЯ СВЯТОГОРОВНА","LAZAREVA",NULL
"ЛАПТЕВА ТАТЬЯНА СЕРГЕЕВНА","LAPTEVA",NULL
"ЛАПШИН ИГОРЬ РОСТИСЛАВОВИЧ","LAPSHIN",NULL
"ЛАПШИН ИЛЬЯ САВЕЛЬЕВИЧ","LAPSHIN",NULL
"ЛАПШИН ЯРОСЛАВ ЯНОВИЧ","LAPSHIN",NULL
"ЛАРИН ЗАХАР НАЗАРОВИЧ","LARIN",NULL
"ЛАРИОНОВ АНАТОЛИЙ АРСЕНЬЕВИЧ","LARIONOV",NULL
"ЛАРИОНОВ ВСЕВОЛОД ТАМЕРЛАНОВИЧ","LARIONOV",NULL
"ЛАРИОНОВ ГОРДЕЙ ВЛАДЬЕВИЧ","LARIONOV",NULL
"ЛАРИОНОВ МАРАТ МАРАТОВИЧ","LARIONOV",NULL
"ЛАРИОНОВ ФИЛИПП СВЯТОСЛАВОВИЧ","LARIONOV",NULL
"ЛАРИОНОВА ВАСИЛИСА РОСТИСЛАВОВНА","LARIONOVA",NULL
"ЛАРИОНОВА МАЙЯ ИЛЬДАРОВНА","LARIONOVA",NULL
"ЛАРИОНОВА ПОЛИНА ИВАНОВНА","LARIONOVA",NULL
"ЛАТЫШЕВ АРСЕНИЙ МИРОНОВИЧ","LATYSHEV",NULL
"ЛАТЫШЕВ ДАМИР РОСТИСЛАВОВИЧ","LATYSHEV",NULL
"ЛАТЫШЕВ МИРОСЛАВ ДЕНИСОВИЧ","LATYSHEV",NULL
"ЛАТЫШЕВА АЛИНА ЮРЬЕВНА","LATYSHEVA",NULL
"ЛАТЫШЕВА ЛИДИЯ ДАВИДОВНА","LATYSHEVA",NULL
"ЛАТЫШЕВА ЯНА АРСЕНЬЕВНА","LATYSHEVA",NULL
"ЛЕБЕДЕВ САВЕЛИЙ ПЕТРОВИЧ","LEBEDEV",NULL
"ЛЕБЕДЕВ СЕРГЕЙ ДАВИДОВИЧ","LEBEDEV",NULL
"ЛЕБЕДЕВА ЕВА РАДМИРОВНА","LEBEDEVA",NULL
"ЛЕВИН БОРИС ВЛАДЬЕВИЧ","LEVIN",NULL
"ЛЕВИН МАРК АЛЬБЕРТОВИЧ","LEVIN",NULL
"ЛЕВИНА АЛИЯ АНАТОЛЬЕВНА","LEVINA",NULL
"ЛЕВИНА ДИАНА АМИРОВНА","LEVINA",NULL
"ЛЕВИНА НАТАЛИЯ ИГНАТОВНА","LEVINA",NULL
"ЛЕОНОВ ГОРДЕЙ РАМИЛЕВИЧ","LEONOV",NULL
"ЛЕОНОВ ИЛЬЯ ФИЛИППОВИЧ","LEONOV",NULL
"ЛЕОНОВА ДАРЬЯ ЗАХАРОВНА","LEONOVA",NULL
"ЛЕОНОВА ЕЛИЗАВЕТА ЯРОМИРОВНА","LEONOVA",NULL
"ЛЕОНОВА ИННА ГРИГОРЬЕВНА","LEONOVA",NULL
"ЛЕОНОВА КАМИЛЛА ГОРДЕЕВНА","LEONOVA",NULL
"ЛЕОНОВА НЕЛЛИ ДАНИЛОВНА","LEONOVA",NULL
"ЛЕОНОВА НИКА КОНСТАНТИНОВНА","LEONOVA",NULL
"ЛЕОНТЬЕВ СТАНИСЛАВ БОГДАНОВИЧ","LEONT'EV",NULL
"ЛЕОНТЬЕВ СТАНИСЛАВ БОГДАНОВИЧ","LEONTEV",NULL
"ЛИТВИНОВ АЛЕКСЕЙ ТАМЕРЛАНОВИЧ","LITVINOV",NULL
"ЛИТВИНОВ АРТУР СВЯТОСЛАВОВИЧ","LITVINOV",NULL
"ЛИТВИНОВ ДАВИД РОМАНОВИЧ","LITVINOV",NULL
"ЛИТВИНОВ ДЕНИС МАРКОВИЧ","LITVINOV",NULL
"ЛИТВИНОВ ЮРИЙ БОГДАНОВИЧ","LITVINOV",NULL
"ЛИТВИНОВА ДАРИНА ТАМЕРЛАНОВНА","LITVINOVA",NULL
"ЛИТВИНОВА СВЕТЛАНА ВАДИМОВНА","LITVINOVA",NULL
"ЛОБАНОВА ЗАРИНА ЕЛИСЕЕВНА","LOBANOVA",NULL
"ЛОБАНОВА ИРИНА АЛЕКСАНДРОВНА","LOBANOVA",NULL
"ЛОГИНОВ БОГДАН ЯРОСЛАВОВИЧ","LOGINOV",NULL
"ЛОГИНОВ СЕРГЕЙ РОМАНОВИЧ","LOGINOV",NULL
"ЛОГИНОВ ЯРОСЛАВ СВЯТОГОРОВИЧ","LOGINOV",NULL
"ЛОГИНОВА ЯРОСЛАВА БОГДАНОВНА","LOGINOVA",NULL
"ЛОПАТИН АНТОН АРСЕНЬЕВИЧ","LOPATIN",NULL
"ЛОПАТИН ГЛЕБ МАТВЕИЧ","LOPATIN",NULL
"ЛОПАТИН РУСЛАН РАМИЛЕВИЧ","LOPATIN",NULL
"ЛОПАТИН ЭМИЛЬ РОДИОНОВИЧ","LOPATIN",NULL
"ЛОПАТИНА АНГЕЛИНА АЛЕКСАНДРОВНА","LOPATINA",NULL
"ЛОПАТИНА ЛЮДМИЛА ПЕТРОВНА","LOPATINA",NULL
"ЛОСЕВ РОБЕРТ АЛЬБЕРТОВИЧ","LOSEV",NULL
"ЛОСЕВА ЛИАНА МИРОСЛАВОВНА","LOSEVA",NULL
"ЛОСЕВА НЕЛЛИ АНАТОЛЬЕВНА","LOSEVA",NULL
"ЛОСЕВА ТАТЬЯНА ДЕНИСОВНА","LOSEVA",NULL
"ЛУКИНА АЛЛА НИКИТИЧНА","LUKINA",NULL
"ЛУКЬЯНОВ АНАТОЛИЙ ВАДИМОВИЧ","LUK'YANOV",NULL
"ЛУКЬЯНОВ АНАТОЛИЙ ВАДИМОВИЧ","LUKIANOV",NULL
"ЛУКЬЯНОВ ВАЛЕРИЙ ЭМИЛЬЕВИЧ","LUK'YANOV",NULL
"ЛУКЬЯНОВ ВАЛЕРИЙ ЭМИЛЬЕВИЧ","LUKIANOV",NULL
"ЛУКЬЯНОВ ДАНИИЛ ГРИГОРЬЕВИЧ","LUK'YANOV",NULL
"ЛУКЬЯНОВ СТЕПАН ЕГОРОВИЧ","LUKIANOV",NULL
"ЛЫКОВ ИГОРЬ РУСЛАНОВИЧ","LYKOV",NULL
"ЛЫКОВ РАМИЛЬ ПЕТРОВИЧ","LYKOV",NULL
"ЛЫКОВА ЯСМИНА ЯРОСЛАВОВНА","LYKOVA",NULL
"ЛЬВОВ ТИМОФЕЙ СТЕПАНОВИЧ","LVOV",NULL
"ЛЬВОВА НАТАША ТИМОФЕЕВНА","LVOVA",NULL
"ЛЮБИМОВ РОБЕРТ САВЕЛЬЕВИЧ","LYUBIMOV",NULL
"ЛЮБИМОВ РОСТИСЛАВ СТЕПАНОВИЧ","LIUBIMOV",NULL
"ЛЮБИМОВ ЮРИЙ РИНАТОВИЧ","LIUBIMOV",NULL
"ЛЮБИМОВ ЮРИЙ РИНАТОВИЧ","LYUBIMOV",NULL
"ЛЮБИМОВА СВЕТЛАНА АЛЬБЕРТОВНА","LIUBIMOVA",NULL
"ЛЮБИМОВА СВЕТЛАНА АЛЬБЕРТОВНА","LYUBIMOVA",NULL
"МАЙОРОВ МАРСЕЛЬ ГЕРМАНОВИЧ","MAIOROV",NULL
"МАЙОРОВ МАРСЕЛЬ ГЕРМАНОВИЧ","MAYOROV",NULL
"МАЙОРОВ СТЕПАН АРТУРОВИЧ","MAIOROV",NULL
"МАЙОРОВ СТЕПАН АРТУРОВИЧ","MAYOROV",NULL
"МАЙОРОВА АЛЁНА ВСЕВОЛОДОВНА","MAIOROVA",NULL
"МАКАРОВ НАЗАР ВЛАДИСЛАВОВИЧ","MAKAROV",NULL
"МАКАРОВА ВАСИЛИСА ЯНОВНА","MAKAROVA",NULL
"МАКЕЕВ ИЛЬДАР СЕРГЕЕВИЧ","MAKEEV",NULL
"МАКЕЕВ МАКСИМ РОСТИСЛАВОВИЧ","MAKEEV",NULL
"МАКЕЕВ НИКИТА АЙДАРОВИЧ","MAKEEV",NULL
"МАКСИМОВ ВАСИЛИЙ АЛЬБЕРТОВИЧ","MAKSIMOV",NULL
"МАКСИМОВ САВЕЛИЙ ПЕТРОВИЧ","MAXIMOV",NULL
"МАКСИМОВА АМИНА ВЛАДИСЛАВОВНА","MAKSIMOVA",NULL
"МАКСИМОВА АМИНА ВЛАДИСЛАВОВНА","MAXIMOVA",NULL
"МАКСИМОВА ЭЛЬМИРА ЛЬВОВНА","MAKSIMOVA",NULL
"МАКСИМОВА ЯНА ВАСИЛЬЕВНА","MAKSIMOVA",NULL
"МАКСИМОВА ЯНА ВАСИЛЬЕВНА","MAXIMOVA",NULL
"МАЛАХОВ ИЛЬЯ ИГНАТОВИЧ","MALAKHOV",NULL
"МАЛАХОВ МАКАР СВЯТОСЛАВОВИЧ","MALAKHOV",NULL
"МАЛАХОВ ФЕДОР ОДИССЕИЧ","MALAKHOV",NULL
"МАЛАХОВА ИННА ТАМЕРЛАНОВНА","MALAKHOVA",NULL
"МАЛАХОВА ОЛЬГА ТИМУРОВНА","MALAKHOVA",NULL
"МАЛИНИН АМИР ТИМОФЕЕВИЧ","MALININ",NULL
"МАЛИНИНА ЛИЛИЯ АЛЕКСАНДРОВНА","MALININA",NULL
"МАЛЫШЕВ ПЕТР ВЛАДИСЛАВОВИЧ","MALYSHEV",NULL
"МАЛЫШЕВА ЕЛИЗАВЕТА МАКАРЬЕВНА","MALYSHEVA",NULL
"МАЛЫШЕВА ТАИСИЯ ВЛАДИСЛАВОВНА","MALYSHEVA",NULL
"МАЛЬЦЕВ ЭМИЛЬ АНДРЕЕВИЧ","MALTCEV",NULL
"МАЛЬЦЕВА СВЕТЛАНА РОБЕРТОВНА","MAL'TSEVA",NULL
"МАРКЕЛОВ АРТУР РОДИОНОВИЧ","MARKELOV",NULL
"МАРКЕЛОВ МАРК АРТУРОВИЧ","MARKELOV",NULL
"МАРКЕЛОВ СТЕПАН ЭМИЛЬЕВИЧ","MARKELOV",NULL
"МАРКЕЛОВА НИНА ВЛАДЬЕВНА","MARKELOVA",NULL
"МАРКИН ВАДИМ АРСЕНЬЕВИЧ","MARKIN",NULL
"МАРКОВ САВВА АРТЕМЬИЧ","MARKOV",NULL
"МАРКОВ САВВА ДЕНИСОВИЧ","MARKOV",NULL
"МАРКОВА ДАРИНА ТАМЕРЛАНОВНА","MARKOVA",NULL
"МАРКОВА ЕКАТЕРИНА ЭМИЛЬЕВНА","MARKOVA",NULL
"МАРКОВА ЛАРИСА ДАНИЭЛЬЕВНА","MARKOVA",NULL
"МАРТЫНОВ ВЛАД РОСТИСЛАВОВИЧ","MARTYNOV",NULL
"МАРТЫНОВ САВВА СЕМЕНОВИЧ","MARTYNOV",NULL
"МАСЛЕННИКОВ ДМИТРИЙ РУСЛАНОВИЧ","MASLENNIKOV",NULL
"МАСЛЕННИКОВА АРИНА РОБЕРТОВНА","MASLENNIKOVA",NULL
"МАСЛЕННИКОВА ОЛЕСЯ ИЛЬДАРОВНА","MASLENNIKOVA",NULL
"МАСЛОВ ПЕТР ГЕРМАНОВИЧ","MASLOV",NULL
"МАСЛОВ САВВА ДАНИЭЛЬЕВИЧ","MASLOV",NULL
"МАСЛОВА КИРА ЭДУАРДОВНА","MASLOVA",NULL
"МАСЛОВА ЭЛЬВИРА МАКСИМОВНА","MASLOVA",NULL
"МАТВЕЕВ МИРОСЛАВ ЯРОМИРОВИЧ","MATVEEV",NULL
"МАТВЕЕВА ВИОЛЕТТА АЙДАРОВНА","MATVEEVA",NULL
"МАТВЕЕВА ПОЛИНА ОЛЕГОВНА","MATVEEVA",NULL
"МЕДВЕДЕВ ДЕНИС САМИРОВИЧ","MEDVEDEV",NULL
"МЕДВЕДЕВ МАТВЕЙ ВЛАДЬЕВИЧ","MEDVEDEV",NULL
"МЕДВЕДЕВ РОМАН СЕРГЕЕВИЧ","MEDVEDEV",NULL
"МЕДВЕДЕВ ЯН МАКСИМОВИЧ","MEDVEDEV",NULL
"МЕЛЬНИКОВ ИГНАТ АРСЕНЬЕВИЧ","MEL'NIKOV",NULL
"МЕЛЬНИКОВ ИГНАТ АРСЕНЬЕВИЧ","MELNIKOV",NULL
"МЕЛЬНИКОВ МАКАР РАМИЛЕВИЧ","MELNIKOV",NULL
"МЕРКУЛОВ МАТВЕЙ АРСЕНЬЕВИЧ","MERKULOV",NULL
"МЕРКУЛОВА СТЕФАНИЯ АЛЬБЕРТОВНА","MERKULOVA",NULL
"МЕШКОВ ДАВИД ПЛАТОНОВИЧ","MESHKOV",NULL
"МЕШКОВА СВЕТЛАНА САМИРОВНА","MESHKOVA",NULL
"МЕШКОВА ЭЛЬМИРА САВЕЛЬЕВНА","MESHKOVA",NULL
"МИНАЕВ ИГНАТ ЕВГЕНЬЕВИЧ","MINAEV",NULL
"МИНАЕВА ЗАРИНА ВЛАДИСЛАВОВНА","MINAEVA",NULL
"МИНИН ВАДИМ АДЕЛЬЕВИЧ","MININ",NULL
"МИНИНА АНАСТАСИЯ АМИРОВНА","MININA",NULL
"МИНИНА ЕСЕНИЯ ВЛАДЬЕВНА","MININA",NULL
"МИНИНА ЛИЛИЯ ИВАНОВНА","MININA",NULL
"МИРОНОВ ДАНИЭЛЬ ВЛАДИСЛАВОВИЧ","MIRONOV",NULL
"МИРОНОВ ДЕНИС МАКАРЕВИЧ","MIRONOV",NULL
"МИРОНОВА ГАЛИНА ЯРОМИРОВНА","MIRONOVA",NULL
"МИРОНОВА СВЕТЛАНА ИГОРЕВНА","MIRONOVA",NULL
"МИРОНОВА ЯРОСЛАВА АРТЁМОВНА","MIRONOVA",NULL
"МИТРОФАНОВ ЕЛИСЕЙ ДАНИИЛОВИЧ","MITROFANOV",NULL
"МИТРОФАНОВ ТИМУР СВЯТОСЛАВОВИЧ","MITROFANOV",NULL
"МИТРОФАНОВА ИННА ВИТАЛЬЕВНА","MITROFANOVA",NULL
"МИТРОФАНОВА КСЕНИЯ РОДИОНОВНА","MITROFANOVA",NULL
"МИХЕЕВ АРТУР СЕМЕНОВИЧ","MIKHEEV",NULL
"МИХЕЕВА АЛЕКСАНДРА РОДИОНОВНА","MIKHEEVA",NULL
"МИХЕЕВА ЛЮДМИЛА ИВАНОВНА","MIKHEEVA",NULL
"МОИСЕЕВ ДАМИР НИКИТИЧ","MOISEEV",NULL
"МОИСЕЕВА АМЕЛИЯ ТИМОФЕЕВНА","MOISEEVA",NULL
"МОИСЕЕВА ЭЛЬМИРА ДАНИЛОВНА","MOISEEVA",NULL
"МОЛЧАНОВ АРСЕН СВЯТОГОРОВИЧ","MOLCHANOV",NULL
"МОЛЧАНОВ МАРК АЛЕКСЕЕВИЧ","MOLCHANOV",NULL
"МОЛЧАНОВ ПЛАТОН САВЕЛЬЕВИЧ","MOLCHANOV",NULL
"МОЛЧАНОВА ДИАНА АДЕЛЬЕВНА","MOLCHANOVA",NULL
"МОРГУНОВА ЛИДИЯ РОМАНОВНА","MORGUNOVA",NULL
"МОРОЗОВА ЛЮДМИЛА ГРИГОРЬЕВНА","MOROZOVA",NULL
"МОСКВИН ОДИССЕЙ ДАНИИЛОВИЧ","MOSKVIN",NULL
"МОСКВИН ОЛЕГ ЯРОСЛАВОВИЧ","MOSKVIN",NULL
"МУРАВЬЕВ ПАВЕЛ РОМАНОВИЧ","MURAVEV",NULL
"МУРАТОВ ВИТАЛИЙ ЛЕОНИДОВИЧ","MURATOV",NULL
"МУХИН АРТУР ЛЬВОВИЧ","MUKHIN",NULL
"МУХИН ГЕОРГИЙ ВИКТОРОВИЧ","MUKHIN",NULL
"МУХИН ДАВИД АМИРОВИЧ","MUKHIN",NULL
"МУХИН СЕМЕН РУСТАМОВИЧ","MUKHIN",NULL
"МУХИН СТЕПАН РОБЕРТОВИЧ","MUKHIN",NULL
"МУХИНА АРИНА КОНСТАНТИНОВНА","MUKHINA",NULL
"НАЗАРОВ РОБЕРТ ЯРОСЛАВОВИЧ","NAZAROV",NULL
"НАЗАРОВА ВЕРА РАДМИРОВНА","NAZAROVA",NULL
"НАЗАРОВА НАТАША АРТЁМОВНА","NAZAROVA",NULL
"НАЗАРОВА ЭМИЛИЯ ПЕТРОВНА","NAZAROVA",NULL
"НАУМОВ АЙДАР ВИТАЛЬЕВИЧ","NAUMOV",NULL
"НАУМОВ ВЛАДИСЛАВ ТАМЕРЛАНОВИЧ","NAUMOV",NULL
"НАУМОВ ОДИССЕЙ КИРИЛЛОВИЧ","NAUMOV",NULL
"НАУМОВА ДИАНА НИКОЛАЕВНА","NAUMOVA",NULL
"НАУМОВА КИРА НАЗАРОВНА","NAUMOVA",NULL
"НАУМОВА ЛАРИСА РАМИЛЬЕВНА","NAUMOVA",NULL
"НЕКРАСОВ ВАСИЛИЙ АЛЕКСАНДРОВИЧ","NEKRASOV",NULL
"НЕКРАСОВ САВЕЛИЙ СВЯТОСЛАВОВИЧ","NEKRASOV",NULL
"НЕКРАСОВА ЕЛИЗАВЕТА ДАНИЛОВНА","NEKRASOVA",NULL
"НЕКРАСОВА ОЛЕСЯ ВЛАДЬЕВНА","NEKRASOVA",NULL
"НЕСТЕРОВ АНДРЕЙ АЛЬБЕРТОВИЧ","NESTEROV",NULL
"НЕСТЕРОВ ЯН МИРОСЛАВОВИЧ","NESTEROV",NULL
"НЕСТЕРОВА АРИАНА АЛЬБЕРТОВНА","NESTEROVA",NULL
"НЕСТЕРОВА НИНА ГЕОРГИЕВНА","NESTEROVA",NULL
"НЕФЕДОВА КАРОЛИНА ВАЛЕРЬЕВНА","NEFEDOVA",NULL
"НЕЧАЕВ ИЛЬДАР МАРКОВИЧ","NECHAEV",NULL
"НЕЧАЕВ СТЕПАН РАДМИРОВИЧ","NECHAEV",NULL
"НИКИТИНА АЛЛА АНАТОЛЬЕВНА","NIKITINA",NULL
"НИКИТИНА ВАЛЕРИЯ МАТВЕЕВНА","NIKITINA",NULL
"НИКИТИНА ДИАНА ИЛЬИНИЧНА","NIKITINA",NULL
"НИКИФОРОВА ЛЮБОВЬ ЭМИЛЬЕВНА","NIKIFOROVA",NULL
"НИКОЛАЕВА АЛЕКСАНДРА РОДИОНОВНА","NIKOLAEVA",NULL
"НИКОЛЬСКАЯ НАТАЛЬЯ МИРОСЛАВОВНА","NIKOL'SKAYA",NULL
"НИКОЛЬСКАЯ НАТАЛЬЯ МИРОСЛАВОВНА","NIKOLSKAIA",NULL
"НИКОЛЬСКАЯ СВЕТЛАНА АНДРЕЕВНА","NIKOL'SKAYA",NULL
"НИКОНОВ АДЕЛЬ ДАНИЭЛЬЕВИЧ","NIKONOV",NULL
"НИКОНОВ АДЕЛЬ ОДИССЕИЧ","NIKONOV",NULL
"НИКОНОВ ЗАХАР ГЛЕБОВИЧ","NIKONOV",NULL
"НИКОНОВ ЛЕОНИД СТЕПАНОВИЧ","NIKONOV",NULL
"НИКУЛИН ГЕРМАН АРТЁМОВИЧ","NIKULIN",NULL
"НИКУЛИНА АЛИСА ПЛАТОНОВНА","NIKULINA",NULL
"НИКУЛИНА МЕЛАНИЯ ИГОРЕВНА","NIKULINA",NULL
"НОСКОВ МАКАР РАМИЛЕВИЧ","NOSKOV",NULL
"НОСОВ ИГНАТ АРТУРОВИЧ","NOSOV",NULL
"НОСОВ САМИР МИХАЙЛОВИЧ","NOSOV",NULL
"НОСОВ ЯРОСЛАВ ЯНОВИЧ","NOSOV",NULL
"НОСОВА ДАРИНА БОРИСОВНА","NOSOVA",NULL
"ОВЧИННИКОВ РОДИОН ДАНИЭЛЬЕВИЧ","OVCHINNIKOV",NULL
"ОВЧИННИКОВА ИННА ФИЛИППОВНА","OVCHINNIKOVA",NULL
"ОДИНЦОВ ТИХОН АНТОНОВИЧ","ODINTSOV",NULL
"ОДИНЦОВА ГАЛИНА ВСЕВОЛОДОВНА","ODINTSOVA",NULL
"ОЗЕРОВ РУСТАМ РАМИЛЕВИЧ","OZEROV",NULL
"ОКУЛОВ АНАТОЛИЙ ВЛАДЬЕВИЧ","OKULOV",NULL
"ОЛЕЙНИКОВ ОДИССЕЙ ИГНАТОВИЧ","OLEYNIKOV",NULL
"ОЛЕЙНИКОВ ФИЛИПП АНАТОЛЬЕВИЧ","OLEINIKOV",NULL
"ОРЕХОВА АНГЕЛИНА ДЕМИДОВНА","OREKHOVA",NULL
"ОРЕХОВА МАРИЯ ГЕОРГИЕВНА","OREKHOVA",NULL
"ОРЕХОВА НАТАЛИЯ ДАВИДОВНА","OREKHOVA",NULL
"ОРЕХОВА ТАМАРА ФЕДОРОВНА","OREKHOVA",NULL
"ОРЛОВ СТАНИСЛАВ МАКСИМОВИЧ","ORLOV",NULL
"ОРЛОВ ЯРОСЛАВ ТАМЕРЛАНОВИЧ","ORLOV",NULL
"ОРЛОВА ЕВГЕНИЯ ГЕРМАНОВНА","ORLOVA",NULL
"ОРЛОВА НАТАЛЬЯ АЛЕКСЕЕВНА","ORLOVA",NULL
"ОСИПОВ АРСЕН ВИКТОРОВИЧ","OSIPOV",NULL
"ОСИПОВ ФИЛИПП ЛЬВОВИЧ","OSIPOV",NULL
"ОСИПОВА ЛИЛИЯ РОСТИСЛАВОВНА","OSIPOVA",NULL
"ОСТРОВСКАЯ ВАСИЛИСА ВАСИЛЬЕВНА","OSTROVSKAIA",NULL
"ОСТРОВСКИЙ ЕЛИСЕЙ ПЕТРОВИЧ","OSTROVSKII",NULL
"ОСТРОВСКИЙ ЕЛИСЕЙ ПЕТРОВИЧ","OSTROVSKIY",NULL
"ОСТРОВСКИЙ РАДМИР ВЛАДИМИРОВИЧ","OSTROVSKII",NULL
"ОСТРОВСКИЙ РАДМИР ВЛАДИМИРОВИЧ","OSTROVSKIY",NULL
"ОСТРОВСКИЙ ТИХОН МИХАЙЛОВИЧ","OSTROVSKII",NULL
"ПАВЛОВ ВИТАЛИЙ АРТЕМЬИЧ","PAVLOV",NULL
"ПАВЛОВ ДАВИД СТАНИСЛАВОВИЧ","PAVLOV",NULL
"ПАВЛОВСКИЙ АРТЁМ МАКАРЕВИЧ","PAVLOVSKII",NULL
"ПАВЛОВСКИЙ КИРИЛЛ МАКСИМОВИЧ","PAVLOVSKII",NULL
"ПАВЛОВСКИЙ КИРИЛЛ МАКСИМОВИЧ","PAVLOVSKIY",NULL
"ПАНИНА ВЛАДА ИГОРЕВНА","PANINA",NULL
"ПАНИНА ДАРЬЯ ДАМИРОВНА","PANINA",NULL
"ПАНИНА КАРОЛИНА РОБЕРТОВНА","PANINA",NULL
"ПАНИНА ОКСАНА ГРИГОРЬЕВНА","PANINA",NULL
"ПАНКОВ АРТЕМИЙ ИГНАТОВИЧ","PANKOV",NULL
"ПАНКОВ ИЛЬДАР АНДРЕЕВИЧ","PANKOV",NULL
"ПАНКОВА АЛЬБИНА БОГДАНОВНА","PANKOVA",NULL
"ПАНКОВА ЛЮБОВЬ ЛЕОНИДОВНА","PANKOVA",NULL
"ПАНКОВА НИНА ИЛЬИНИЧНА","PANKOVA",NULL
"ПАНКРАТОВА АННА АЛЬБЕРТОВНА","PANKRATOVA",NULL
"ПАНОВ МИРОСЛАВ ЯНОВИЧ","PANOV",NULL
"ПАНОВ САВВА САВЕЛЬЕВИЧ","PANOV",NULL
"ПАНОВА ЛИДИЯ ДАМИРОВНА","PANOVA",NULL
"ПАНТЕЛЕЕВ ВАСИЛИЙ ЯНОВИЧ","PANTELEEV",NULL
"ПАНТЕЛЕЕВ ДАНИЛА АРТУРОВИЧ","PANTELEEV",NULL
"ПАНТЕЛЕЕВ ДАНИЭЛЬ СЕРГЕЕВИЧ","PANTELEEV",NULL
"ПАНТЕЛЕЕВ САВВА РИНАТОВИЧ","PANTELEEV",NULL
"ПАНТЕЛЕЕВА МАЙЯ ТИХОНОВНА","PANTELEEVA",NULL
"ПАНФИЛОВ ГЕОРГИЙ ТАМЕРЛАНОВИЧ","PANFILOV",NULL
"ПАНФИЛОВА ЕЛИЗАВЕТА ПЕТРОВНА","PANFILOVA",NULL
"ПАНФИЛОВА МИЛАНА ДАНИИЛОВНА","PANFILOVA",NULL
"ПАНФИЛОВА ПОЛИНА ЛЕОНИДОВНА","PANFILOVA",NULL
"ПАРАМОНОВА НИНА ВАДИМОВНА","PARAMONOVA",NULL
"ПАРФЕНОВ ВИКТОР ВИКТОРОВИЧ","PARFENOV",NULL
"ПАРФЕНОВ НИКОЛАЙ НИКОЛАЕВИЧ","PARFENOV",NULL
"ПАРФЕНОВА ЛИДИЯ АЛЕКСЕЕВНА","PARFENOVA",NULL
"ПАРФЕНОВА САМИРА ТИМУРОВНА","PARFENOVA",NULL
"ПАРФЕНОВА СНЕЖАНА АЙДАРОВНА","PARFENOVA",NULL
"ПАСТУХОВ ДАНИЛА ЗАХАРОВИЧ","PASTUKHOV",NULL
"ПАХОМОВ ВЛАДИМИР РУСЛАНОВИЧ","PAKHOMOV",NULL
"ПЕТРОВ АРТУР ЯРОСЛАВОВИЧ","PETROV",NULL
"ПЕТРОВ НИКОЛАЙ ВЛАДИСЛАВОВИЧ","PETROV",NULL
"ПЕТРОВСКАЯ ЕВГЕНИЯ МАКАРЬЕВНА","PETROVSKAIA",NULL
"ПЕТРОВСКАЯ НАДЕЖДА СЕРГЕЕВНА","PETROVSKAYA",NULL
"ПЕТРОВСКИЙ ГЕРМАН СЕРГЕЕВИЧ","PETROVSKII",NULL
"ПЕТРОВСКИЙ СТАНИСЛАВ ПАВЛОВИЧ","PETROVSKII",NULL
"ПЕТУХОВ АНАТОЛИЙ ВЯЧЕСЛАВОВИЧ","PETUKHOV",NULL
"ПЕТУХОВ АРТЁМ ДАНИИЛОВИЧ","PETUKHOV",NULL
"ПЕТУХОВ КИРИЛЛ РАМИЛЕВИЧ","PETUKHOV",NULL
"ПИМЕНОВ ВИКТОР РОМАНОВИЧ","PIMENOV",NULL
"ПИМЕНОВ ДЕМИД ОЛЕГОВИЧ","PIMENOV",NULL
"ПИМЕНОВА ВИТАЛИНА ОДИССЕЕВНА","PIMENOVA",NULL
"ПИРОГОВ МИХАИЛ РУСТАМОВИЧ","PIROGOV",NULL
"ПИРОГОВА ВИТАЛИНА ЛЬВОВНА","PIROGOVA",NULL
"ПИРОГОВА ЯНА ИЛЬИНИЧНА","PIROGOVA",NULL
"ПЛАТОНОВ ИЛЬЯ НИКОЛАЕВИЧ","PLATONOV",NULL
"ПЛАТОНОВА ВИОЛЕТТА АНАТОЛЬЕВНА","PLATONOVA",NULL
"ПЛАТОНОВА ДИАНА СЕМЕНОВНА","PLATONOVA",NULL
"ПЛАТОНОВА ЭМИЛИЯ МАКАРЬЕВНА","PLATONOVA",NULL
"ПЛОТНИКОВ МАРК ПАВЛОВИЧ","PLOTNIKOV",NULL
"ПЛОТНИКОВ СВЯТОСЛАВ СВЯТОСЛАВОВИЧ","PLOTNIKOV",NULL
"ПЛОТНИКОВ ЯРОСЛАВ НИКИТИЧ","PLOTNIKOV",NULL
"ПЛОТНИКОВА АЛЬБИНА НИКИТИЧНА","PLOTNIKOVA",NULL
"ПЛОТНИКОВА ВАРВАРА РОМАНОВНА","PLOTNIKOVA",NULL
"ПЛОТНИКОВА КСЕНИЯ СТАНИСЛАВОВНА","PLOTNIKOVA",NULL
"ПЛОТНИКОВА ЛИЛИЯ ДЕНИСОВНА","PLOTNIKOVA",NULL
"ПЛОТНИКОВА МИЛАНА МИРОСЛАВОВНА","PLOTNIKOVA",NULL
"ПОЗДНЯКОВ ЗАХАР НИКИТИЧ","POZDNYAKOV",NULL
"ПОЗДНЯКОВА САМИРА ВЯЧЕСЛАВОВНА","POZDNIAKOVA",NULL
"ПОКРОВСКИЙ ВАЛЕРИЙ МАКАРЕВИЧ","POKROVSKII",NULL
"ПОКРОВСКИЙ ВАЛЕРИЙ МАКАРЕВИЧ","POKROVSKIY",NULL
"ПОКРОВСКИЙА НИКА ЛЕОНИДОВНА","POKROVSKIIA",NULL
"ПОКРОВСКИЙА НИКА ЛЕОНИДОВНА","POKROVSKIYA",NULL
"ПОКРОВСКИЙА ПОЛИНА СЕМЕНОВНА","POKROVSKIIA",NULL
"ПОКРОВСКИЙА ПОЛИНА СЕМЕНОВНА","POKROVSKIYA",NULL
"ПОКРОВСКИЙА ЭВЕЛИНА АЛЕКСАНДРОВНА","POKROVSKIIA",NULL
"ПОЛИКАРПОВ ЭДУАРД ВЛАДИСЛАВОВИЧ","POLIKARPOV",NULL
"ПОЛИКАРПОВА КИРА МАТВЕЕВНА","POLIKARPOVA",NULL
"ПОЛЯКОВ ДАНИИЛ АРСЕНЬЕВИЧ","POLIAKOV",NULL
"ПОЛЯКОВА ВАСИЛИСА ДАВИДОВНА","POLIAKOVA",NULL
"ПОЛЯКОВА ВАСИЛИСА ДАВИДОВНА","POLYAKOVA",NULL
"ПОЛЯКОВА САМИРА РИНАТОВНА","POLIAKOVA",NULL
"ПОНОМАРЕВ СТАНИСЛАВ ДАНИЛОВИЧ","PONOMAREV",NULL
"ПОНОМАРЕВА ВИТАЛИНА СЕМЕНОВНА","PONOMAREVA",NULL
"ПОНОМАРЕВА ОЛЬГА МИРОСЛАВОВНА","PONOMAREVA",NULL
"ПОПОВ АРСЕНИЙ ВИТАЛЬЕВИЧ","POPOV",NULL
"ПОПОВ ПЕТР СЕРГЕЕВИЧ","POPOV",NULL
"ПОСТНИКОВ ПАВЕЛ ДАНИЭЛЬЕВИЧ","POSTNIKOV",NULL
"ПОСТНИКОВА АЛИЯ ВЯЧЕСЛАВОВНА","POSTNIKOVA",NULL
"ПОСТНИКОВА ИРИНА ОЛЕГОВНА","POSTNIKOVA",NULL
"ПОСТНИКОВА УЛЬЯНА ЯНОВНА","POSTNIKOVA",NULL
"ПОТАПОВ ВЛАДИСЛАВ ТИМУРОВИЧ","POTAPOV",NULL
"ПОТАПОВ ИЛЬЯ АЛЬБЕРТОВИЧ","POTAPOV",NULL
"ПОТАПОВА ЕСЕНИЯ АЛЬБЕРТОВНА","POTAPOVA",NULL
"ПРОКОФЬЕВА ВАЛЕРИЯ ЯРОСЛАВОВНА","PROKOF'EVA",NULL
"ПРОКОФЬЕВА ВАЛЕРИЯ ЯРОСЛАВОВНА","PROKOFEVA",NULL
"ПРОХОРОВ ВИКТОР ЯРОМИРОВИЧ","PROKHOROV",NULL
"ПРОХОРОВ ГОРДЕЙ СЕМЕНОВИЧ","PROKHOROV",NULL
"ПРОХОРОВА АЛИЯ САВВОВНА","PROKHOROVA",NULL
"ПУГАЧЕВ КИРИЛЛ МАКСИМОВИЧ","PUGACHEV",NULL
"ПУГАЧЕВА КАРИНА АРТУРОВНА","PUGACHEVA",NULL
"ПУГАЧЕВА ЛИЛИЯ ЛЬВОВНА","PUGACHEVA",NULL
"РАКОВ ДАНИЛ ИГНАТОВИЧ","RAKOV",NULL
"РАКОВ РАМИЛЬ РОБЕРТОВИЧ","RAKOV",NULL
"РОГОВ ПЛАТОН ВЛАДИСЛАВОВИЧ","ROGOV",NULL
"РОГОВА АЛИЯ МАТВЕЕВНА","ROGOVA",NULL
"РОГОВА ЯСМИНА ИГНАТОВНА","ROGOVA",NULL
"РОДИН ГРИГОРИЙ ЭМИЛЬЕВИЧ","RODIN",NULL
"РОДИН ЭДУАРД РОМАНОВИЧ","RODIN",NULL
"РОДИОНОВ АНТОН МАКСИМОВИЧ","RODIONOV",NULL
"РОДИОНОВ НАЗАР ПЕТРОВИЧ","RODIONOV",NULL
"РОДИОНОВА МАРЬЯНА АМИРОВНА","RODIONOVA",NULL
"РОЖКОВ МАКСИМ ВЛАДЬЕВИЧ","ROZHKOV",NULL
"РОЖКОВ МАТВЕЙ ЕЛИСЕЕВИЧ","ROZHKOV",NULL
"РОЖКОВА ВАСИЛИСА САВВОВНА","ROZHKOVA",NULL
"РОЗАНОВА АЛЛА ВЛАДИСЛАВОВНА","ROZANOVA",NULL
"РОМАНОВ АМИР ЛЕОНИДОВИЧ","ROMANOV",NULL
"РОМАНОВ АРТЁМ ДАВИДОВИЧ","ROMANOV",NULL
"РОМАНОВА ДАРИНА АЙДАРОВНА","ROMANOVA",NULL
"РОМАНОВА МАРИНА ПЛАТОНОВНА","ROMANOVA",NULL
"РУБЦОВ СЕРГЕЙ НИКИТИЧ","RUBTSOV",NULL
"РУДАКОВ ЕГОР ПЛАТОНОВИЧ","RUDAKOV",NULL
"РУДАКОВ СВЯТОСЛАВ АРТЕМЬИЧ","RUDAKOV",NULL
"РУДАКОВА ЭЛЬВИРА ТИМОФЕЕВНА","RUDAKOVA",NULL
"РУМЯНЦЕВ МАКАР ОЛЕГОВИЧ","RUMIANTCEV",NULL
"РУМЯНЦЕВ МАКАР ОЛЕГОВИЧ","RUMIANTSEV",NULL
"РУСАКОВА НАДЕЖДА РОДИОНОВНА","RUSAKOVA",NULL
"РУСАНОВ ДАНИЛА КИРИЛЛОВИЧ","RUSANOV",NULL
"РУСАНОВ САМИР АРТЁМОВИЧ","RUSANOV",NULL
"РУСАНОВА ЕВА ЗАХАРОВНА","RUSANOVA",NULL
"РУСАНОВА ЛЮБОВЬ САВЕЛЬЕВНА","RUSANOVA",NULL
"РЫБАКОВ ЕГОР МАКАРЕВИЧ","RYBAKOV",NULL
"РЫБАКОВА АНАСТАСИЯ ДЕНИСОВНА","RYBAKOVA",NULL
"РЫБАКОВА ЛЮБОВЬ КОНСТАНТИНОВНА","RYBAKOVA",NULL
"РЫЖОВ БОГДАН МАТВЕИЧ","RYZHOV",NULL
"РЫЖОВ ЯН РОСТИСЛАВОВИЧ","RYZHOV",NULL
"РЫЖОВА ЭЛЬВИРА АРСЕНЬЕВНА","RYZHOVA",NULL
"РЯБИНИН ДАНИИЛ ДАНИЛОВИЧ","RYABININ",NULL
"РЯБИНИН ОДИССЕЙ ОЛЕГОВИЧ","RIABININ",NULL
"РЯБИНИН САМИР МАРКОВИЧ","RIABININ",NULL
"РЯБИНИНА АЛЬБИНА СЕМЕНОВНА","RIABININA",NULL
"РЯБИНИНА ЗАРИНА МАКСИМОВНА","RIABININA",NULL
"РЯБОВА АЛИСА ЛЬВОВНА","RIABOVA",NULL
"РЯБОВА АЛИСА ЛЬВОВНА","RYABOVA",NULL
"РЯБОВА ВАЛЕРИЯ ГЕРМАНОВНА","RIABOVA",NULL
"РЯБОВА ЛАРИСА ПЛАТОНОВНА","RIABOVA",NULL
"САВЕЛЬЕВА ЛИАНА ВСЕВОЛОДОВНА","SAVELEVA",NULL
"САВЕЛЬЕВА МАРЬЯНА МИРОНОВНА","SAVEL'EVA",NULL
"САВИН ДАМИР ЭМИЛЬЕВИЧ","SAVIN",NULL
"САВИН ДАНИЛА ДАВИДОВИЧ","SAVIN",NULL
"САВИЦКАЯ МИЛЕНА ПЛАТОНОВНА","SAVITSKAYA",NULL
"САВИЦКИЙ ПЛАТОН ЕГОРОВИЧ","SAVITCKII",NULL
"САВИЦКИЙ СВЯТОСЛАВ АНДРЕЕВИЧ","SAVITSKIY",NULL
"САЗОНОВ АМИР АНДРЕЕВИЧ","SAZONOV",NULL
"САЗОНОВА НИНА ТИМОФЕЕВНА","SAZONOVA",NULL
"САЛЬНИКОВ ДАНИЛА ГОРДЕЕВИЧ","SAL'NIKOV",NULL
"САЛЬНИКОВ ЮРИЙ ИВАНОВИЧ","SALNIKOV",NULL
"САМОЙЛОВ АНАТОЛИЙ АРТУРОВИЧ","SAMOILOV",NULL
"САМОЙЛОВ АНАТОЛИЙ АРТУРОВИЧ","SAMOYLOV",NULL
"САМОЙЛОВ ТИХОН АДЕЛЬЕВИЧ","SAMOYLOV",NULL
"САМОЙЛОВА АРИАНА ЭДУАРДОВНА","SAMOILOVA",NULL
"САМОЙЛОВА АРИАНА ЭДУАРДОВНА","SAMOYLOVA",NULL
"САМОЙЛОВА ТАТЬЯНА АМИРОВНА","SAMOYLOVA",NULL
"САМСОНОВ ГЕРМАН ВЛАДЬЕВИЧ","SAMSONOV",NULL
"САМСОНОВ ЕГОР РАМИЛЕВИЧ","SAMSONOV",NULL
"САМСОНОВ СТЕПАН ВАДИМОВИЧ","SAMSONOV",NULL
"САМСОНОВА ЭМИЛИЯ АЛЕКСАНДРОВНА","SAMSONOVA",NULL
"САФОНОВ ТАМЕРЛАН РИНАТОВИЧ","SAFONOV",NULL
"САФОНОВ ФЕДОР МАТВЕИЧ","SAFONOV",NULL
"САФОНОВ ЭМИЛЬ МАТВЕИЧ","SAFONOV",NULL
"САФОНОВА ВЛАДА КИРИЛЛОВНА","SAFONOVA",NULL
"САФОНОВА МАРЬЯНА ИГНАТОВНА","SAFONOVA",NULL
"САХАРОВ САМИР ТИХОНОВИЧ","SAKHAROV",NULL
"САХАРОВ СТАНИСЛАВ САМИРОВИЧ","SAKHAROV",NULL
"САХАРОВ ЯРОМИР МАКАРЕВИЧ","SAKHAROV",NULL
"СВЕШНИКОВ ГОРДЕЙ ЭМИЛЬЕВИЧ","SVESHNIKOV",NULL
"СВЕШНИКОВ САМИР ЕЛИСЕЕВИЧ","SVESHNIKOV",NULL
"СВЕШНИКОВА ЛИЛИЯ ЛЬВОВНА","SVESHNIKOVA",NULL
"СВЕШНИКОВА ЭЛЬВИРА АНДРЕЕВНА","SVESHNIKOVA",NULL
"СВИРИДОВ ГОРДЕЙ РАМИЛЕВИЧ","SVIRIDOV",NULL
"СВИРИДОВ НИКОЛАЙ СЕРГЕЕВИЧ","SVIRIDOV",NULL
"СВИРИДОВА ЯСМИНА РОСТИСЛАВОВНА","SVIRIDOVA",NULL
"СЕВАСТЬЯНОВ ЕГОР ВСЕВОЛОДОВИЧ","SEVASTIANOV",NULL
"СЕВАСТЬЯНОВ РОДИОН МАРСЕЛЕВИЧ","SEVAST'YANOV",NULL
"СЕВАСТЬЯНОВА АЛЕКСАНДРА СВЯТОГОРОВНА","SEVAST'YANOVA",NULL
"СЕВАСТЬЯНОВА АЛЕКСАНДРА СВЯТОГОРОВНА","SEVASTIANOVA",NULL
"СЕВАСТЬЯНОВА ЕВА РОДИОНОВНА","SEVASTIANOVA",NULL
"СЕДОВ АНДРЕЙ АЛЕКСАНДРОВИЧ","SEDOV",NULL
"СЕДОВ ГЕОРГИЙ МАТВЕИЧ","SEDOV",NULL
"СЕДОВ РИНАТ САВЕЛЬЕВИЧ","SEDOV",NULL
"СЕДОВА АМЕЛИЯ ДАВИДОВНА","SEDOVA",NULL
"СЕДОВА НЕЛЛИ ЕЛИСЕЕВНА","SEDOVA",NULL
"СЕЛЕЗНЕВ ДАНИЛА ЕГОРОВИЧ","SELEZNEV",NULL
"СЕЛИВАНОВ ВСЕВОЛОД НИКИТИЧ","SELIVANOV",NULL
"СЕМЕНОВ ВИТАЛИЙ ПАВЛОВИЧ","SEMENOV",NULL
"СЕМЕНОВ ОЛЕГ САВЕЛЬЕВИЧ","SEMENOV",NULL
"СЕМЕНОВА АЛЁНА ГЛЕБОВНА","SEMENOVA",NULL
"СЕМЕНОВА АМЕЛИЯ ВАЛЕРЬЕВНА","SEMENOVA",NULL
"СЕМЕНОВА ОЛЕСЯ ИГНАТОВНА","SEMENOVA",NULL
"СЕМИН МАРСЕЛЬ ИЛЬИЧ","SEMIN",NULL
"СЕМИНА АГАТА МАРАТОВНА","SEMINA",NULL
"СЕМИНА АЛЕКСАНДРА АЛЬБЕРТОВНА","SEMINA",NULL
"СЕМИНА КАРОЛИНА СВЯТОСЛАВОВНА","SEMINA",NULL
"СЕМИНА САМИРА ГЕРМАНОВНА","SEMINA",NULL
"СЕРГЕЕВ СЕРГЕЙ ТИМОФЕЕВИЧ","SERGEEV",NULL
"СЕРГЕЕВА АМЕЛИЯ ВСЕВОЛОДОВНА","SERGEEVA",NULL
"СЕРГЕЕВА МИЛАНА ЯРОМИРОВНА","SERGEEVA",NULL
"СЕРГЕЕВА НАТАЛИЯ ЯНОВНА","SERGEEVA",NULL
"СЕРЕБРЯКОВ ГРИГОРИЙ ФИЛИППОВИЧ","SEREBRIAKOV",NULL
"СЕРЕБРЯКОВ ГРИГОРИЙ ФИЛИППОВИЧ","SEREBRYAKOV",NULL
"СЕРЕБРЯКОВ ТАМЕРЛАН АНТОНОВИЧ","SEREBRYAKOV",NULL
"СЕРЕБРЯКОВА ВАСИЛИСА ВСЕВОЛОДОВНА","SEREBRIAKOVA",NULL
"СЕРЕБРЯКОВА НИКА РОБЕРТОВНА","SEREBRYAKOVA",NULL
"СЕРОВ АЛЕКСЕЙ СВЯТОСЛАВОВИЧ","SEROV",NULL
"СЕРОВА АДЕЛИНА ВЛАДИСЛАВОВНА","SEROVA",NULL
"СЕРОВА ЯРОСЛАВА САВВОВНА","SEROVA",NULL
"СИДОРОВ ПАВЕЛ ВЛАДИСЛАВОВИЧ","SIDOROV",NULL
"СИДОРОВА АМИНА РОБЕРТОВНА","SIDOROVA",NULL
"СИЗОВ ГОРДЕЙ САМИРОВИЧ","SIZOV",NULL
"СИЗОВ ЛЕОНИД АЛЬБЕРТОВИЧ","SIZOV",NULL
"СИМОНОВ АРТЁМ ДМИТРИЕВИЧ","SIMONOV",NULL
"СИМОНОВ ВЯЧЕСЛАВ ДАНИИЛОВИЧ","SIMONOV",NULL
"СИМОНОВА ЯРОСЛАВА ФЕДОРОВНА","SIMONOVA",NULL
"СИНИЦЫН ВЛАДИМИР ГОРДЕЕВИЧ","SINITCYN",NULL
"СИНИЦЫН ВЛАДИМИР ГОРДЕЕВИЧ","SINITSYN",NULL
"СИНИЦЫНА АРИАНА ИЛЬДАРОВНА","SINITSYNA",NULL
"СИНИЦЫНА ЛЮБОВЬ РАМИЛЬЕВНА","SINITCYNA",NULL
"СИНИЦЫНА ОЛЕСЯ ЕГОРОВНА","SINITCYNA",NULL
"СИТНИКОВА СОФИЯ РАДМИРОВНА","SITNIKOVA",NULL
"СКВОРЦОВ АМИР МАКАРЕВИЧ","SKVORTCOV",NULL
"СКВОРЦОВ АМИР МАКАРЕВИЧ","SKVORTSOV",NULL
"СКВОРЦОВ ВЛАДИСЛАВ РУСТАМОВИЧ","SKVORTSOV",NULL
"СКВОРЦОВ ДАМИР АРСЕНЬЕВИЧ","SKVORTSOV",NULL
"СКВОРЦОВ ЭМИЛЬ РАДМИРОВИЧ","SKVORTSOV",NULL
"СМИРНОВА ЕЛЕНА ВИТАЛЬЕВНА","SMIRNOVA",NULL
"СМИРНОВА ЛИАНА ПЛАТОНОВНА","SMIRNOVA",NULL
"СНЕГИРЕВ АДЕЛЬ ТИМУРОВИЧ","SNEGIREV",NULL
"СНЕГИРЕВ ТИМОФЕЙ ДЕМИДОВИЧ","SNEGIREV",NULL
"СНЕГИРЕВА ЯРОСЛАВА ЛЕОНИДОВНА","SNEGIREVA",NULL
"СОКОЛОВА НАТАЛИЯ РИНАТОВНА","SOKOLOVA",NULL
"СОЛОВЬЕВ АНАТОЛИЙ ИВАНОВИЧ","SOLOV'EV",NULL
"СОЛОВЬЕВ АНАТОЛИЙ ИВАНОВИЧ","SOLOVEV",NULL
"СОЛОВЬЕВА ЛЮБОВЬ ЭДУАРДОВНА","SOLOVEVA",NULL
"СОЛОВЬЕВА ЛЮДМИЛА КОНСТАНТИНОВНА","SOLOVEVA",NULL
"СОМОВ РАМИЛЬ ТИМУРОВИЧ","SOMOV",NULL
"СОМОВА АЛЁНА ГЕРМАНОВНА","SOMOVA",NULL
"СОМОВА АРИНА ВСЕВОЛОДОВНА","SOMOVA",NULL
"СОРОКИН НИКОЛАЙ ДЕНИСОВИЧ","SOROKIN",NULL
"СОРОКИНА АРИАНА ОДИССЕЕВНА","SOROKINA",NULL
"СОФРОНОВ ДАМИР ТИМУРОВИЧ","SOFRONOV",NULL
"СОФРОНОВ РОСТИСЛАВ АЛЕКСАНДРОВИЧ","SOFRONOV",NULL
"СОФРОНОВА ТАМАРА АЛЕКСАНДРОВНА","SOFRONOVA",NULL
"СПИРИДОНОВА ВАЛЕРИЯ ЛЬВОВНА","SPIRIDONOVA",NULL
"СПИРИДОНОВА ГАЛИНА РУСТАМОВНА","SPIRIDONOVA",NULL
"СТАРИКОВ ПЕТР МИРОСЛАВОВИЧ","STARIKOV",NULL
"СТАРИКОВА ЕЛЕНА ФЕДОРОВНА","STARIKOVA",NULL
"СТАРИКОВА СОФЬЯ КОНСТАНТИНОВНА","STARIKOVA",NULL
"СТАРОСТИН ОЛЕГ АРТЕМЬИЧ","STAROSTIN",NULL
"СТАРОСТИНА АЛЁНА ДАВИДОВНА","STAROSTINA",NULL
"СТАРОСТИНА ЕЛИЗАВЕТА ДМИТРИЕВНА","STAROSTINA",NULL
"СТЕПАНОВА ОКСАНА КИРИЛЛОВНА","STEPANOVA",NULL
"СТОЛЯРОВ БОГДАН ТИХОНОВИЧ","STOLIAROV",NULL
"СТОЛЯРОВ ДМИТРИЙ ТИХОНОВИЧ","STOLIAROV",NULL
"СТОЛЯРОВ ДМИТРИЙ ТИХОНОВИЧ","STOLYAROV",NULL
"СТОЛЯРОВА КАРИНА ЗАХАРОВНА","STOLYAROVA",NULL
"СУББОТИН ДАНИЛ МИРОСЛАВОВИЧ","SUBBOTIN",NULL
"СУВОРОВ ВАДИМ ЮРЬЕВИЧ","SUVOROV",NULL
"СУВОРОВА НАДЕЖДА ГОРДЕЕВНА","SUVOROVA",NULL
"СУВОРОВА ЯРОСЛАВА АНАТОЛЬЕВНА","SUVOROVA",NULL
"СУДАКОВ МАРК ВИКТОРОВИЧ","SUDAKOV",NULL
"СУРКОВА АЛЛА ДМИТРИЕВНА","SURKOVA",NULL
"СУРКОВА ВЕРОНИКА ВСЕВОЛОДОВНА","SURKOVA",NULL
"СУРКОВА ИННА АНДРЕЕВНА","SURKOVA",NULL
"СУСЛОВ ФЕДОР РУСЛАНОВИЧ","SUSLOV",NULL
"СУХАНОВ ЕГОР ПЕТРОВИЧ","SUKHANOV",NULL
"СУХАНОВ САМИР ВАЛЕРЬЕВИЧ","SUKHANOV",NULL
"СУХАНОВА ЮЛИАНА ВЛАДЬЕВНА","SUKHANOVA",NULL
"СУХАРЕВ АЙДАР ПЕТРОВИЧ","SUKHAREV",NULL
"СУХАРЕВ ИЛЬЯ ОДИССЕИЧ","SUKHAREV",NULL
"СУХАРЕВ МАРК РУСТАМОВИЧ","SUKHAREV",NULL
"СУХАРЕВ САВЕЛИЙ АНДРЕЕВИЧ","SUKHAREV",NULL
"СУХОВ НАЗАР ВЛАДИСЛАВОВИЧ","SUKHOV",NULL
"СУХОВА КАРИНА АНАТОЛЬЕВНА","SUKHOVA",NULL
"СУХОВА НИНА ДЕНИСОВНА","SUKHOVA",NULL
"СЫЧЕВ ЭМИЛЬ ПЛАТОНОВИЧ","SYCHEV",NULL
"СЫЧЕВА ЕВГЕНИЯ ТИХОНОВНА","SYCHEVA",NULL
"ТАРАСОВ ГЕОРГИЙ МИХАЙЛОВИЧ","TARASOV",NULL
"ТАРАСОВ КОНСТАНТИН АРТЁМОВИЧ","TARASOV",NULL
"ТАРАСОВА ВЛАДИСЛАВА МИХАЙЛОВНА","TARASOVA",NULL
"ТЕРЕХОВ ВАСИЛИЙ ДАНИЛОВИЧ","TEREKHOV",NULL
"ТЕРЕХОВ КОНСТАНТИН ДАВИДОВИЧ","TEREKHOV",NULL
"ТЕРЕХОВ МАКСИМ АРТЕМЬИЧ","TEREKHOV",NULL
"ТЕРЕХОВА ЛЮБОВЬ ЕЛИСЕЕВНА","TEREKHOVA",NULL
"ТЕРЕХОВА ЭЛЬВИРА ВАСИЛЬЕВНА","TEREKHOVA",NULL
"ТИМОФЕЕВ АЙДАР ФИЛИППОВИЧ","TIMOFEEV",NULL
"ТИМОФЕЕВ ОДИССЕЙ ДАМИРОВИЧ","TIMOFEEV",NULL
"ТИМОФЕЕВА ЛИДИЯ ДЕМИДОВНА","TIMOFEEVA",NULL
"ТИМОФЕЕВА ЛИДИЯ РОДИОНОВНА","TIMOFEEVA",NULL
"ТИТОВ ГРИГОРИЙ ДЕМИДОВИЧ","TITOV",NULL
"ТИТОВ ДАНИЛ ТИМОФЕЕВИЧ","TITOV",NULL
"ТИТОВА АЛЬБИНА НИКОЛАЕВНА","TITOVA",NULL
"ТИТОВА АНАСТАСИЯ ФИЛИППОВНА","TITOVA",NULL
"ТИХОМИРОВ СЕМЕН СВЯТОГОРОВИЧ","TIKHOMIROV",NULL
"ТИХОМИРОВА МАЙЯ ВЛАДИСЛАВОВНА","TIKHOMIROVA",NULL
"ТИХОМИРОВА ОКСАНА АРСЕНЬЕВНА","TIKHOMIROVA",NULL
"ТИХОНОВ ВСЕВОЛОД ПЕТРОВИЧ","TIKHONOV",NULL
"ТИХОНОВА ЗЛАТА ИВАНОВНА","TIKHONOVA",NULL
"ТКАЧЕВ ТИМУР ВЛАДЬЕВИЧ","TKACHEV",NULL
"ТКАЧЕВ ТИХОН ЯРОСЛАВОВИЧ","TKACHEV",NULL
"ТКАЧЕВА УЛЬЯНА ГОРДЕЕВНА","TKACHEVA",NULL
"ТКАЧЕВА ЯСМИНА ПЛАТОНОВНА","TKACHEVA",NULL
"ТОКАРЕВ ГЕРМАН РОБЕРТОВИЧ","TOKAREV",NULL
"ТОКАРЕВ РОМАН ДЕНИСОВИЧ","TOKAREV",NULL
"ТОКАРЕВ СТЕПАН БОГДАНОВИЧ","TOKAREV",NULL
"ТОКАРЕВ ЯН ПАВЛОВИЧ","TOKAREV",NULL
"ТОКАРЕВА АНАСТАСИЯ БОРИСОВНА","TOKAREVA",NULL
"ТОКАРЕВА ЕЛЕНА БОРИСОВНА","TOKAREVA",NULL
"ТОЛКАЧЕВА ЗЛАТА АНТОНОВНА","TOLKACHEVA",NULL
"ТОЛКАЧЕВА ЭВЕЛИНА ДАНИЛОВНА","TOLKACHEVA",NULL
"ТРЕТЬЯКОВА АНАСТАСИЯ ЯРОМИРОВНА","TRETIAKOVA",NULL
"ТРЕТЬЯКОВА ЗАРИНА ТАМЕРЛАНОВНА","TRET'YAKOVA",NULL
"ТРЕТЬЯКОВА НАТАЛИЯ БОРИСОВНА","TRET'YAKOVA",NULL
"ТРИФОНОВА ЭЛЬМИРА ДАНИЭЛЬЕВНА","TRIFONOVA",NULL
"ТРОИЦКАЯ ЛАРИСА АРСЕНЬЕВНА","TROITSKAIA",NULL
"ТРОИЦКАЯ ЛАРИСА АРСЕНЬЕВНА","TROITSKAYA",NULL
"ТРОИЦКАЯ ЛЮБОВЬ ДАВИДОВНА","TROITCKAIA",NULL
"ТРОИЦКАЯ СОФИЯ ВИКТОРОВНА","TROITSKAYA",NULL
"ТРОИЦКАЯ ЭЛИНА КИРИЛЛОВНА","TROITCKAIA",NULL
"ТРОИЦКИЙ АНТОН ВЛАДЬЕВИЧ","TROITCKII",NULL
"ТРОИЦКИЙ АНТОН ВЛАДЬЕВИЧ","TROITSKII",NULL
"ТРОИЦКИЙ АНТОН ВЛАДЬЕВИЧ","TROITSKIY",NULL
"ТРОФИМОВА АДЕЛИНА ЗАХАРОВНА","TROFIMOVA",NULL
"ТРОШИН МАКСИМ КОНСТАНТИНОВИЧ","TROSHIN",NULL
"ТРОШИН ЯН ВЛАДИСЛАВОВИЧ","TROSHIN",NULL
"ТРОШИНА МИЛАНА ИВАНОВНА","TROSHINA",NULL
"ТУМАНОВ МИХАИЛ ЕВГЕНЬЕВИЧ","TUMANOV",NULL
"ТУМАНОВ ЯН АЛЬБЕРТОВИЧ","TUMANOV",NULL
"ТУМАНОВА АМАЛИЯ ЯРОМИРОВНА","TUMANOVA",NULL
"ТУМАНОВА ИРИНА ГЕРМАНОВНА","TUMANOVA",NULL
"УВАРОВ ВЛАД ВИКТОРОВИЧ","UVAROV",NULL
"УВАРОВ МАРК ВЛАДИМИРОВИЧ","UVAROV",NULL
"УВАРОВ ПАВЕЛ ТИМУРОВИЧ","UVAROV",NULL
"УВАРОВА ДИАНА ДАНИЛОВНА","UVAROVA",NULL
"УЛЬЯНОВ ВИТАЛИЙ АРТЕМЬИЧ","UL'YANOV",NULL
"УЛЬЯНОВ ДАМИР СЕМЕНОВИЧ","ULIANOV",NULL
"УЛЬЯНОВ ОДИССЕЙ САМИРОВИЧ","ULIANOV",NULL
"УЛЬЯНОВА ЭЛЬМИРА ЕЛИСЕЕВНА","ULIANOVA",NULL
"УСОВ ФЕДОР МАКАРЕВИЧ","USOV",NULL
"УСОВ ЭМИЛЬ АРТУРОВИЧ","USOV",NULL
"УСОВА КИРА ТИМОФЕЕВНА","USOVA",NULL
"УСОВА ЛЮБОВЬ ЕЛИСЕЕВНА","USOVA",NULL
"УСТИНОВ АРСЕНИЙ АНТОНОВИЧ","USTINOV",NULL
"УСТИНОВ РУСТАМ САМИРОВИЧ","USTINOV",NULL
"УСТИНОВА НИКА ИЛЬДАРОВНА","USTINOVA",NULL
"УСТИНОВА СВЕТЛАНА ФЕДОРОВНА","USTINOVA",NULL
"УСТИНОВА СОФИЯ АЛЕКСЕЕВНА","USTINOVA",NULL
"УТКИНА ЕКАТЕРИНА ЮРЬЕВНА","UTKINA",NULL
"УТКИНА ЗЛАТА МАРАТОВНА","UTKINA",NULL
"УШАКОВА КАРОЛИНА ИВАНОВНА","USHAKOVA",NULL
"УШАКОВА СТЕФАНИЯ ТАМЕРЛАНОВНА","USHAKOVA",NULL
"ФАДЕЕВА АГАТА БОГДАНОВНА","FADEEVA",NULL
"ФАДЕЕВА МАДИНА АДЕЛЬЕВНА","FADEEVA",NULL
"ФАДЕЕВА СОФИЯ АЛЬБЕРТОВНА","FADEEVA",NULL
"ФЕДОРОВ ДАНИЛ ГРИГОРЬЕВИЧ","FEDOROV",NULL
"ФЕДОРОВ ЕГОР АРТЁМОВИЧ","FEDOROV",NULL
"ФЕДОРОВА АНАСТАСИЯ ИЛЬДАРОВНА","FEDOROVA",NULL
"ФЕДОРОВА ВЕРА СТЕПАНОВНА","FEDOROVA",NULL
"ФЕДОСЕЕВА АРИНА ВЛАДИСЛАВОВНА","FEDOSEEVA",NULL
"ФЕДОСЕЕВА ВИТАЛИНА ГЕРМАНОВНА","FEDOSEEVA",NULL
"ФЕДОСОВ ДАНИЛА ГРИГОРЬЕВИЧ","FEDOSOV",NULL
"ФЕДОСОВ ЯРОСЛАВ РОСТИСЛАВОВИЧ","FEDOSOV",NULL
"ФЕДОСОВА ВИТАЛИНА ЕЛИСЕЕВНА","FEDOSOVA",NULL
"ФЕДОСОВА ВЛАДА САВВОВНА","FEDOSOVA",NULL
"ФЕДОТОВА АЛИНА РАМИЛЬЕВНА","FEDOTOVA",NULL
"ФЕДОТОВА ВАРВАРА РАДМИРОВНА","FEDOTOVA",NULL
"ФЕДОТОВА КАМИЛЛА МАТВЕЕВНА","FEDOTOVA",NULL
"ФЕТИСОВ ВЛАДИСЛАВ ГРИГОРЬЕВИЧ","FETISOV",NULL
"ФЕТИСОВ ГРИГОРИЙ САМИРОВИЧ","FETISOV",NULL
"ФЕТИСОВА НАДЕЖДА СЕРГЕЕВНА","FETISOVA",NULL
"ФЕТИСОВА СВЕТЛАНА ФИЛИППОВНА","FETISOVA",NULL
"ФИЛАТОВА АМАЛИЯ ГРИГОРЬЕВНА","FILATOVA",NULL
"ФИЛАТОВА АМИНА ИЛЬДАРОВНА","FILATOVA",NULL
"ФИЛАТОВА ТАИСИЯ ДАНИЛОВНА","FILATOVA",NULL
"ФИЛАТОВА ЮЛИЯ ТИМОФЕЕВНА","FILATOVA",NULL
"ФИЛИППОВ МИРОСЛАВ ВЛАДИМИРОВИЧ","FILIPPOV",NULL
"ФИЛИППОВ САВЕЛИЙ ЛЕОНИДОВИЧ","FILIPPOV",NULL
"ФИРСОВ АЛЕКСАНДР РАДМИРОВИЧ","FIRSOV",NULL
"ФИРСОВ ГЛЕБ СВЯТОГОРОВИЧ","FIRSOV",NULL
"ФИРСОВ ДАНИЛА ЕВГЕНЬЕВИЧ","FIRSOV",NULL
"ФИРСОВ МАКАР ДАНИЛОВИЧ","FIRSOV",NULL
"ФИРСОВ РОБЕРТ ВЛАДЬЕВИЧ","FIRSOV",NULL
"ФИРСОВА КАРИНА ВСЕВОЛОДОВНА","FIRSOVA",NULL
"ФОКИН АНТОН ОДИССЕИЧ","FOKIN",NULL
"ФОКИН ВИТАЛИЙ ВИКТОРОВИЧ","FOKIN",NULL
"ФОКИН ДМИТРИЙ МАТВЕИЧ","FOKIN",NULL
"ФОКИН НИКОЛАЙ АРСЕНЬЕВИЧ","FOKIN",NULL
"ФОКИНА НАТАЛЬЯ АЛЕКСАНДРОВНА","FOKINA",NULL
"ФОМИНА АМЕЛИЯ ОДИССЕЕВНА","FOMINA",NULL
"ФОМИЧЕВ ГЕРМАН СЕРГЕЕВИЧ","FOMICHEV",NULL
"ФОМИЧЕВ МАРСЕЛЬ АМИРОВИЧ","FOMICHEV",NULL
"ФОМИЧЕВА ВИОЛЕТТА ЛЬВОВНА","FOMICHEVA",NULL
"ФРОЛОВ АЛЕКСАНДР МАКСИМОВИЧ","FROLOV",NULL
"ФРОЛОВ ИЛЬЯ ЭМИЛЬЕВИЧ","FROLOV",NULL
"ФРОЛОВ ТАМЕРЛАН ИВАНОВИЧ","FROLOV",NULL
"ФРОЛОВА НАДЕЖДА АРТУРОВНА","FROLOVA",NULL
"ХАРИТОНОВ ГЕРМАН ЕВГЕНЬЕВИЧ","KHARITONOV",NULL
"ХАРИТОНОВ ПАВЕЛ РУСЛАНОВИЧ","KHARITONOV",NULL
"ХАРИТОНОВА НИНА ИЛЬДАРОВНА","KHARITONOVA",NULL
"ХАРИТОНОВА СОФИЯ ЕВГЕНЬЕВНА","KHARITONOVA",NULL
"ХОМЯКОВА АЛЁНА АРТУРОВНА","KHOMIAKOVA",NULL
"ХОМЯКОВА ЛИДИЯ ГЕОРГИЕВНА","KHOMYAKOVA",NULL
"ХОХЛОВ ЛЕВ АРСЕНЬЕВИЧ","KHOKHLOV",NULL
"ХОХЛОВ НИКОЛАЙ ВЛАДИСЛАВОВИЧ","KHOKHLOV",NULL
"ХОХЛОВА ЛЮДМИЛА ГЕРМАНОВНА","KHOKHLOVA",NULL
"ХОХЛОВА НАДЕЖДА АРТЁМОВНА","KHOKHLOVA",NULL
"ХРОМОВ ГЕОРГИЙ ВЛАДИМИРОВИЧ","KHROMOV",NULL
"ХРОМОВА АЛЛА САВВОВНА","KHROMOVA",NULL
"ХРОМОВА ЕКАТЕРИНА АРСЕНЬЕВНА","KHROMOVA",NULL
"ХУДЯКОВА ЛЮДМИЛА ГЕРМАНОВНА","KHUDIAKOVA",NULL
"ХУДЯКОВА ЛЮДМИЛА ЕЛИСЕЕВНА","KHUDIAKOVA",NULL
"ХУДЯКОВА ЛЮДМИЛА ЕЛИСЕЕВНА","KHUDYAKOVA",NULL
"ЦАРЕВ ЯРОМИР ЭДУАРДОВИЧ","TSAREV",NULL
"ЦАРЕВА ДАРИНА СТЕПАНОВНА","TSAREVA",NULL
"ЦАРЕВА КРИСТИНА НИКОЛАЕВНА","TCAREVA",NULL
"ЦАРЕВА МАЙЯ АЛЬБЕРТОВНА","TCAREVA",NULL
"ЦВЕТКОВ ГЛЕБ ФЕДОРОВИЧ","TCVETKOV",NULL
"ЦВЕТКОВ КОНСТАНТИН МИРОСЛАВОВИЧ","TSVETKOV",NULL
"ЧЕБОТАРЕВ АРТЁМ ВЛАДЬЕВИЧ","CHEBOTAREV",NULL
"ЧЕБОТАРЕВ ОДИССЕЙ РУСЛАНОВИЧ","CHEBOTAREV",NULL
"ЧЕБОТАРЕВА ЕЛЕНА ГЕОРГИЕВНА","CHEBOTAREVA",NULL
"ЧЕБОТАРЕВА КАРИНА МАРКОВНА","CHEBOTAREVA",NULL
"ЧЕБОТАРЕВА СОФИЯ ВИТАЛЬЕВНА","CHEBOTAREVA",NULL
"ЧЕРЕПАНОВ МАКСИМ АЙДАРОВИЧ","CHEREPANOV",NULL
"ЧЕРЕПАНОВА АНГЕЛИНА ГЛЕБОВНА","CHEREPANOVA",NULL
"ЧЕРКАСОВ АНТОН САВВОВИЧ","CHERKASOV",NULL
"ЧЕРКАСОВА ЛИЛИЯ МИРОНОВНА","CHERKASOVA",NULL
"ЧЕРНАЯ МИЛАНА АЛЕКСЕЕВНА","CHERNAIA",NULL
"ЧЕРНАЯ ОЛЬГА ИГНАТОВНА","CHERNAIA",NULL
"ЧЕРНОВ ЭДУАРД ДМИТРИЕВИЧ","CHERNOV",NULL
"ЧЕРНОВА НАТАЛИЯ АРСЕНЬЕВНА","CHERNOVA",NULL
"ЧЕРНОВА СОФИЯ ВАСИЛЬЕВНА","CHERNOVA",NULL
"ЧЕРНЫЙ РОДИОН ВЛАДЬЕВИЧ","CHERNYI",NULL
"ЧЕРНЫХ ВАСИЛИСА АЛЕКСЕЕВНА","CHERNYKH",NULL
"ЧЕРНЫШЕВ САМИР АДЕЛЬЕВИЧ","CHERNYSHEV",NULL
"ЧЕРНЫШЕВ ФИЛИПП АДЕЛЬЕВИЧ","CHERNYSHEV",NULL
"ЧЕРНЫШЕВА РЕГИНА АРТУРОВНА","CHERNYSHEVA",NULL
"ЧЕРНЫШЕВА ЭВЕЛИНА НИКОЛАЕВНА","CHERNYSHEVA",NULL
"ЧЕСНОКОВ РИНАТ САВВОВИЧ","CHESNOKOV",NULL
"ЧЕСНОКОВ ФИЛИПП РОБЕРТОВИЧ","CHESNOKOV",NULL
"ЧЕСНОКОВА СВЕТЛАНА АРТЕМЬЕВНА","CHESNOKOVA",NULL
"ЧИЖОВ АРТЁМ ОЛЕГОВИЧ","CHIZHOV",NULL
"ЧИЖОВ БОГДАН ФИЛИППОВИЧ","CHIZHOV",NULL
"ЧИЖОВ МАРАТ АНТОНОВИЧ","CHIZHOV",NULL
"ЧИЖОВ ЭДУАРД АРСЕНЬЕВИЧ","CHIZHOV",NULL
"ЧИЖОВА ЕЛЕНА ФИЛИППОВНА","CHIZHOVA",NULL
"ЧИЖОВА КАРОЛИНА ВАДИМОВНА","CHIZHOVA",NULL
"ЧИЖОВА МАЙЯ МИРОСЛАВОВНА","CHIZHOVA",NULL
"ЧИЖОВА МЕЛАНИЯ ИЛЬДАРОВНА","CHIZHOVA",NULL
"ЧИЖОВА РЕГИНА СВЯТОСЛАВОВНА","CHIZHOVA",NULL
"ЧИЖОВА РЕГИНА ТИМУРОВНА","CHIZHOVA",NULL
"ЧИСТЯКОВ АЛЕКСАНДР КИРИЛЛОВИЧ","CHISTIAKOV",NULL
"ЧИСТЯКОВ БОГДАН ФЕДОРОВИЧ","CHISTIAKOV",NULL
"ЧИСТЯКОВ БОГДАН ФЕДОРОВИЧ","CHISTYAKOV",NULL
"ЧИСТЯКОВА ЗЛАТА ГЕРМАНОВНА","CHISTIAKOVA",NULL
"ЧУМАКОВ АЛЕКСЕЙ НАЗАРОВИЧ","CHUMAKOV",NULL
"ЧУМАКОВ ГЕОРГИЙ СВЯТОГОРОВИЧ","CHUMAKOV",NULL
"ЧУМАКОВ РОМАН ТАМЕРЛАНОВИЧ","CHUMAKOV",NULL
"ШАПОВАЛОВ НАЗАР ПАВЛОВИЧ","SHAPOVALOV",NULL
"ШАПОВАЛОВ ЭМИЛЬ СЕРГЕЕВИЧ","SHAPOVALOV",NULL
"ШАПОВАЛОВА АЛИЯ ЭМИЛЬЕВНА","SHAPOVALOVA",NULL
"ШАПОВАЛОВА ЛЮБОВЬ СВЯТОГОРОВНА","SHAPOVALOVA",NULL
"ШАПОВАЛОВА МАРЬЯНА НАЗАРОВНА","SHAPOVALOVA",NULL
"ШАПОВАЛОВА ЯРОСЛАВА АДЕЛЬЕВНА","SHAPOVALOVA",NULL
"ШАПОШНИКОВ РОМАН ИЛЬИЧ","SHAPOSHNIKOV",NULL
"ШАПОШНИКОВА ВИКТОРИЯ РОСТИСЛАВОВНА","SHAPOSHNIKOVA",NULL
"ШАПОШНИКОВА МАЙЯ ДЕНИСОВНА","SHAPOSHNIKOVA",NULL
"ШАПОШНИКОВА НАТАША МАРАТОВНА","SHAPOSHNIKOVA",NULL
"ШАПОШНИКОВА ПОЛИНА ФИЛИППОВНА","SHAPOSHNIKOVA",NULL
"ШАРОВ ВЛАДИСЛАВ ДАВИДОВИЧ","SHAROV",NULL
"ШАРОВ ДАВИД ВЛАДИСЛАВОВИЧ","SHAROV",NULL
"ШАРОВА АНАСТАСИЯ ЗАХАРОВНА","SHAROVA",NULL
"ШВЕЦОВ ГЕОРГИЙ ДАНИИЛОВИЧ","SHVETSOV",NULL
"ШВЕЦОВ РОБЕРТ ВЯЧЕСЛАВОВИЧ","SHVETCOV",NULL
"ШВЕЦОВ СЕМЕН СТЕПАНОВИЧ","SHVETSOV",NULL
"ШВЕЦОВА ЛИАНА ПЕТРОВНА","SHVETSOVA",NULL
"ШВЕЦОВА СОФИЯ ВЛАДИМИРОВНА","SHVETCOVA",NULL
"ШВЕЦОВА СОФИЯ ВЛАДИМИРОВНА","SHVETSOVA",NULL
"ШЕВЕЛЕВ ДАМИР БОРИСОВИЧ","SHEVELEV",NULL
"ШЕВЕЛЕВ РУСЛАН АРСЕНЬЕВИЧ","SHEVELEV",NULL
"ШЕВЕЛЕВ СВЯТОГОР ВАЛЕРЬЕВИЧ","SHEVELEV",NULL
"ШЕВЕЛЕВА ВАСИЛИСА ИВАНОВНА","SHEVELEVA",NULL
"ШЕВЕЛЕВА МАРГАРИТА АЛЬБЕРТОВНА","SHEVELEVA",NULL
"ШЕВЕЛЕВА ЭЛЬМИРА АРТЁМОВНА","SHEVELEVA",NULL
"ШЕВЦОВА АНАСТАСИЯ ДАНИЭЛЬЕВНА","SHEVTCOVA",NULL
"ШЕВЦОВА АНАСТАСИЯ ДАНИЭЛЬЕВНА","SHEVTSOVA",NULL
"ШЕВЦОВА УЛЬЯНА АЛЕКСЕЕВНА","SHEVTSOVA",NULL
"ШЕСТАКОВ СТАНИСЛАВ ЯНОВИЧ","SHESTAKOV",NULL
"ШЕСТАКОВ ТИМУР АРТУРОВИЧ","SHESTAKOV",NULL
"ШИЛОВ БОГДАН ГЕОРГИЕВИЧ","SHILOV",NULL
"ШИЛОВ ГЕРМАН МАРСЕЛЕВИЧ","SHILOV",NULL
"ШИЛОВА АМАЛИЯ ДЕНИСОВНА","SHILOVA",NULL
"ШИРОКОВ САВВА ЛЕОНИДОВИЧ","SHIROKOV",NULL
"ШИРЯЕВ ИГНАТ ДЕНИСОВИЧ","SHIRYAEV",NULL
"ШИРЯЕВА КИРА ПЛАТОНОВНА","SHIRIAEVA",NULL
"ШИРЯЕВА МАДИНА ДЕНИСОВНА","SHIRYAEVA",NULL
"ШИШКИН КОНСТАНТИН ЯРОСЛАВОВИЧ","SHISHKIN",NULL
"ШИШКИНА НАТАША АРТЁМОВНА","SHISHKINA",NULL
"ШИШКИНА ЯРОСЛАВА ЯРОСЛАВОВНА","SHISHKINA",NULL
"ШМЕЛЕВ ДЕНИС РОМАНОВИЧ","SHMELEV",NULL
"ШМЕЛЕВ МИХАИЛ МАРКОВИЧ","SHMELEV",NULL
"ШМЕЛЕВ ОЛЕГ НАЗАРОВИЧ","SHMELEV",NULL
"ШУБИН ДАМИР ИЛЬИЧ","SHUBIN",NULL
"ШУБИНА ВИТАЛИНА ВЯЧЕСЛАВОВНА","SHUBINA",NULL
"ШУБИНА ИННА ГЕОРГИЕВНА","SHUBINA",NULL
"ШУБИНА КСЕНИЯ ОДИССЕЕВНА","SHUBINA",NULL
"ШУВАЛОВА МАРЬЯНА МАРКОВНА","SHUVALOVA",NULL
"ШУЛЬГИН БОРИС РАМИЛЕВИЧ","SHUL'GIN",NULL
"ШУЛЬГИН БОРИС РАМИЛЕВИЧ","SHULGIN",NULL
"ШУЛЬГИНА ЛЮДМИЛА ИГНАТОВНА","SHULGINA",NULL
"ЩЕГЛОВ АЛЕКСАНДР ДАМИРОВИЧ","SHCHEGLOV",NULL
"ЩЕГЛОВ АЛЕКСЕЙ АЛЬБЕРТОВИЧ","SHCHEGLOV",NULL
"ЩЕГЛОВ ЕГОР БОРИСОВИЧ","SHCHEGLOV",NULL
"ЩЕГЛОВА ВЕРА СТАНИСЛАВОВНА","SHCHEGLOVA",NULL
"ЩЕГЛОВА СОФЬЯ ВИТАЛЬЕВНА","SHCHEGLOVA",NULL
"ЩЕГЛОВА СОФЬЯ МАКСИМОВНА","SHCHEGLOVA",NULL
"ЩЕРБАКОВА ГАЛИНА МАКСИМОВНА","SHCHERBAKOVA",NULL
"ЩУКИН ВАСИЛИЙ САВВОВИЧ","SHCHUKIN",NULL
"ЩУКИНА ЕСЕНИЯ СВЯТОГОРОВНА","SHCHUKINA",NULL
"ЮДИН ЯРОМИР АРТЕМЬИЧ","IUDIN",NULL
"ЮДИНА ЕВА ДАНИИЛОВНА","IUDINA",NULL
"ЯКОВЛЕВ МАРК ПАВЛОВИЧ","YAKOVLEV",NULL
"ЯКОВЛЕВА ВАЛЕРИЯ РУСЛАНОВНА","IAKOVLEVA",NULL
"ЯШИН ДЕНИС РОМАНОВИЧ","IASHIN",NULL
"ЯШИН ДЕНИС РОМАНОВИЧ","YASHIN",NULL
"ЯШИНА НАТАША ЛЕОНИДОВНА","YASHINA",NULL